VirusFamily,VirusGenus,VirusSpecies,SeverityDiseaseHumans,KnownMammal_TerrPathogenicity,KnownBirdPathogenicity,KnownOtherAnimalPathogenicity
Bunyaviridae,Orthobunyavirus,Acara orthobunyavirus,None,None,None,None
Polyomaviridae,Alphapolyomavirus,Acerodon celebensis polyomavirus 1,None,None,None,None
Polyomaviridae,Betapolyomavirus,Acerodon celebensis polyomavirus 2,None,None,None,None
Poxviridae,Betaentomopoxvirus,Acrobasis zelleri entomopoxvirus,None,None,None,None
Rhabdoviridae,Ephemerovirus,Adelaide River ephemerovirus,None,None,None,None
Parvoviridae,Dependoparvovirus,Adeno-associated dependoparvovirus A,None,None,None,None
Parvoviridae,Dependoparvovirus,Adeno-associated dependoparvovirus B,None,None,None,None
Poxviridae,Betaentomopoxvirus,Adoxophyes honmai entomopoxvirus,None,None,None,None
Poxviridae,Gammaentomopoxvirus,Aedes aegypti entomopoxvirus,None,None,None,None
Reoviridae,Dinovernavirus,Aedes pseudoscutellaris reovirus,None,None,None,None
Retroviridae,Spumavirus,African green monkey simian foamy virus,None,None,None,None
Reoviridae,Orbivirus,African horse sickness virus,None,Deadly,None,None
Picornaviridae,Kobuvirus,Aichivirus A,MildIllness,MildIllness,MildIllness,None
Picornaviridae,Kobuvirus,Aichivirus B,None,MildIllness,None,None
Picornaviridae,Kobuvirus,Aichivirus C,None,None,None,None
Bunyaviridae,Orthobunyavirus,Akabane orthobunyavirus,None,SevereIllness,None,None
Rhabdoviridae,Vesiculovirus,Alagoas vesiculovirus,SevereIllness,MildIllness,None,None
Bunyaviridae,Orthobunyavirus,Alajuela orthobunyavirus,None,None,None,None
Herpesviridae,Macavirus,Alcelaphine gammaherpesvirus 1,None,Deadly,None,None
Herpesviridae,Macavirus,Alcelaphine gammaherpesvirus 2,None,None,None,None
Arenaviridae,Reptarenavirus,Alethinophid 1 reptarenavirus,None,None,None,None
Arenaviridae,Reptarenavirus,Alethinophid 2 reptarenavirus,None,None,None,None
Arenaviridae,Reptarenavirus,Alethinophid 3 reptarenavirus,None,None,None,None
Arenaviridae,Mammarenavirus,Allpahuayo mammarenavirus,None,None,None,None
Coronaviridae,Alphacoronavirus,Alphacoronavirus 1,None,SevereIllness,None,None
Papillomaviridae,Alphapapillomavirus,Alphapapillomavirus 1,MildIllness,None,None,None
Papillomaviridae,Alphapapillomavirus,Alphapapillomavirus 10,SevereIllness,None,None,None
Papillomaviridae,Alphapapillomavirus,Alphapapillomavirus 11,SevereIllness,None,None,None
Papillomaviridae,Alphapapillomavirus,Alphapapillomavirus 12,None,None,None,None
Papillomaviridae,Alphapapillomavirus,Alphapapillomavirus 13,SevereIllness,None,None,None
Papillomaviridae,Alphapapillomavirus,Alphapapillomavirus 14,MildIllness,None,None,None
Papillomaviridae,Alphapapillomavirus,Alphapapillomavirus 2,MildIllness,None,None,None
Papillomaviridae,Alphapapillomavirus,Alphapapillomavirus 3,SevereIllness,None,None,None
Papillomaviridae,Alphapapillomavirus,Alphapapillomavirus 4,MildIllness,None,None,None
Papillomaviridae,Alphapapillomavirus,Alphapapillomavirus 5,SevereIllness,None,None,None
Papillomaviridae,Alphapapillomavirus,Alphapapillomavirus 6,SevereIllness,None,None,None
Papillomaviridae,Alphapapillomavirus,Alphapapillomavirus 7,SevereIllness,None,None,None
Papillomaviridae,Alphapapillomavirus,Alphapapillomavirus 8,SevereIllness,None,None,None
Papillomaviridae,Alphapapillomavirus,Alphapapillomavirus 9,SevereIllness,None,None,None
Arenaviridae,Mammarenavirus,Amapari mammarenavirus,None,None,None,None
Poxviridae,Betaentomopoxvirus,Amsacta moorei entomopoxvirus,None,None,None,None
Herpesviridae,Mardivirus,Anatid alphaherpesvirus 1,None,None,Deadly,None
Bunyaviridae,Hantavirus,Andes hantavirus,Deadly,None,None,None
Rhabdoviridae,Perhabdovirus,Anguillid perhabdovirus,None,None,None,None
Poxviridae,Alphaentomopoxvirus,Anomala cuprea entomopoxvirus,None,None,None,None
Bunyaviridae,Orthobunyavirus,Anopheles A orthobunyavirus,None,None,None,None
Bunyaviridae,Orthobunyavirus,Anopheles B orthobunyavirus,None,None,None,None
Polyomaviridae,Gammapolyomavirus,Anser anser polyomavirus 1,None,None,MildIllness,None
Parvoviridae,Dependoparvovirus,Anseriform dependoparvovirus 1,None,None,Deadly,None
Herpesviridae,Cytomegalovirus,Aotine betaherpesvirus 1,None,None,None,None
Poxviridae,Alphaentomopoxvirus,Aphodius tasmaniae entomopoxvirus,None,None,None,None
Flaviviridae,Flavivirus,Apoi virus,None,None,None,None
Picornaviridae,Aquamavirus,Aquamavirus A,None,None,None,None
Reoviridae,Aquareovirus,Aquareovirus A,None,None,None,None
Reoviridae,Aquareovirus,Aquareovirus B,None,None,None,None
Reoviridae,Aquareovirus,Aquareovirus C,None,None,None,None
Reoviridae,Aquareovirus,Aquareovirus D,None,None,None,None
Reoviridae,Aquareovirus,Aquareovirus E,None,None,None,None
Reoviridae,Aquareovirus,Aquareovirus F,None,None,None,None
Reoviridae,Aquareovirus,Aquareovirus G,None,None,None,None
Rhabdoviridae,Lyssavirus,Aravan lyssavirus,None,None,None,None
Flaviviridae,Flavivirus,Aroa virus,None,None,None,None
Poxviridae,Betaentomopoxvirus,Arphia conspersa entomopoxvirus,None,None,None,None
Polyomaviridae,Betapolyomavirus,Artibeus planirostris polyomavirus 1,None,None,None,None
Polyomaviridae,Alphapolyomavirus,Artibeus planirostris polyomavirus 2,None,None,None,None
Polyomaviridae,Alphapolyomavirus,Artibeus planirostris polyomavirus 3,None,None,None,None
Polyomaviridae,Alphapolyomavirus,Ateles paniscus polyomavirus 1,None,None,None,None
Herpesviridae,Simplexvirus,Ateline alphaherpesvirus 1,None,None,None,None
Herpesviridae,Rhadinovirus,Ateline gammaherpesvirus 2,None,None,None,None
Herpesviridae,Rhadinovirus,Ateline gammaherpesvirus 3,None,None,None,None
Paramyxoviridae,Aquaparamyxovirus,Atlantic salmon paramyxovirus,None,None,None,None
Togaviridae,Alphavirus,Aura virus,None,None,None,None
Rhabdoviridae,Lyssavirus,Australian bat lyssavirus,Deadly,Deadly,None,None
Astroviridae,Avastrovirus,Avastrovirus 1,None,None,SevereIllness,None
Astroviridae,Avastrovirus,Avastrovirus 2,None,None,MildIllness,None
Astroviridae,Avastrovirus,Avastrovirus 3,None,None,SevereIllness,None
Polyomaviridae,Gammapolyomavirus,Aves polyomavirus 1,None,None,Deadly,None
Retroviridae,Alpharetrovirus,Avian carcinoma Mill Hill virus 2,None,None,Deadly,None
Coronaviridae,Gammacoronavirus,Avian coronavirus,None,None,Deadly,None
Parvoviridae,Dependoparvovirus,Avian dependoparvovirus 1,None,None,None,None
Retroviridae,Alpharetrovirus,Avian leukosis virus,None,None,SevereIllness,None
Retroviridae,Alpharetrovirus,Avian myeloblastosis virus,None,None,Deadly,None
Retroviridae,Alpharetrovirus,Avian myelocytomatosis virus 29,None,None,None,None
Reoviridae,Orthoreovirus,Avian orthoreovirus,None,None,Deadly,None
Paramyxoviridae,Avulavirus,Avian paramyxovirus 10,None,None,None,None
Paramyxoviridae,Avulavirus,Avian paramyxovirus 11,None,None,None,None
Paramyxoviridae,Avulavirus,Avian paramyxovirus 12,None,None,None,None
Paramyxoviridae,Avulavirus,Avian paramyxovirus 2,None,None,MildIllness,None
Paramyxoviridae,Avulavirus,Avian paramyxovirus 3,None,None,MildIllness,None
Paramyxoviridae,Avulavirus,Avian paramyxovirus 4,None,None,None,None
Paramyxoviridae,Avulavirus,Avian paramyxovirus 5,None,None,Deadly,None
Paramyxoviridae,Avulavirus,Avian paramyxovirus 6,None,None,None,None
Paramyxoviridae,Avulavirus,Avian paramyxovirus 7,None,None,None,None
Paramyxoviridae,Avulavirus,Avian paramyxovirus 8,None,None,None,None
Paramyxoviridae,Avulavirus,Avian paramyxovirus 9,None,None,None,None
Picornaviridae,Sapelovirus,Avian sapelovirus,None,None,SevereIllness,None
Retroviridae,Alpharetrovirus,Avian sarcoma virus CT10,None,None,None,None
Picornaviridae,Avihepatovirus,Avihepatovirus A,None,None,SevereIllness,None
Picornaviridae,Avisivirus,Avisivirus A,None,None,None,None
Reoviridae,Orthoreovirus,Baboon orthoreovirus,None,Deadly,None,None
Flaviviridae,Flavivirus,Bagaza virus,None,None,None,None
Bunyaviridae,Orthobunyavirus,Bakau orthobunyavirus,None,None,None,None
Coronaviridae,Unassigned,Ball python nidovirus 1,None,None,None,None
Reoviridae,Seadornavirus,Banna virus,SevereIllness,SevereIllness,None,None
Flaviviridae,Flavivirus,Banzi virus,None,None,None,None
Togaviridae,Alphavirus,Barmah Forest virus,SevereIllness,None,None,None
Coronaviridae,Alphacoronavirus,Bat coronavirus CDPHE15,None,None,None,None
Coronaviridae,Alphacoronavirus,Bat coronavirus HKU10,None,None,None,None
Adenoviridae,Mastadenovirus,Bat mastadenovirus A,None,None,None,None
Adenoviridae,Mastadenovirus,Bat mastadenovirus B,None,None,None,None
Bunyaviridae,Orthobunyavirus,Batama orthobunyavirus,None,None,None,None
Bunyaviridae,Hantavirus,Bayou hantavirus,SevereIllness,None,None,None
Arenaviridae,Mammarenavirus,Bear Canyon mammarenavirus,None,None,None,None
Togaviridae,Alphavirus,Bebaru virus,None,None,None,None
Coronaviridae,Gammacoronavirus,Beluga whale coronavirus SW1,None,None,None,None
Bunyaviridae,Orthobunyavirus,Benevides orthobunyavirus,None,None,None,None
Rhabdoviridae,Ephemerovirus,Berrimah ephemerovirus,None,None,None,None
Bunyaviridae,Orthobunyavirus,Bertioga orthobunyavirus,None,None,None,None
Coronaviridae,Betacoronavirus,Betacoronavirus 1,MildIllness,MildIllness,None,None
Papillomaviridae,Betapapillomavirus,Betapapillomavirus 1,SevereIllness,None,None,None
Papillomaviridae,Betapapillomavirus,Betapapillomavirus 2,SevereIllness,None,None,None
Papillomaviridae,Betapapillomavirus,Betapapillomavirus 3,MildIllness,None,None,None
Papillomaviridae,Betapapillomavirus,Betapapillomavirus 4,SickUnknownCause,None,None,None
Papillomaviridae,Betapapillomavirus,Betapapillomavirus 5,None,None,None,None
Papillomaviridae,Betapapillomavirus,Betapapillomavirus 6,None,None,None,None
Bunyaviridae,Orthobunyavirus,Bimiti orthobunyavirus,None,None,None,None
Bunyaviridae,Hantavirus,Black Creek Canal hantavirus,SevereIllness,None,None,None
Parvoviridae,Ambidensovirus,Blattodean ambidensovirus 1,None,None,None,None
Parvoviridae,Ambidensovirus,Blattodean ambidensovirus 2,None,None,None,None
Reoviridae,Orbivirus,Bluetongue virus,None,SevereIllness,None,None
Rhabdoviridae,Lyssavirus,Bokeloh bat lyssavirus,None,None,None,None
Flaviviridae,Pestivirus,Border disease virus,None,SevereIllness,None,None
Polyomaviridae,Unassigned,Bos taurus polyomavirus 1,None,None,None,None
Bunyaviridae,Orthobunyavirus,Botambi orthobunyavirus,None,None,None,None
Flaviviridae,Flavivirus,Bouboui virus,None,None,None,None
Herpesviridae,Varicellovirus,Bovine alphaherpesvirus 1,None,Deadly,None,None
Herpesviridae,Simplexvirus,Bovine alphaherpesvirus 2,None,MildIllness,None,None
Herpesviridae,Varicellovirus,Bovine alphaherpesvirus 5,None,Deadly,None,None
Adenoviridae,Atadenovirus,Bovine atadenovirus D,None,MildIllness,None,None
Rhabdoviridae,Ephemerovirus,Bovine fever ephemerovirus,None,SevereIllness,None,None
Retroviridae,Spumavirus,Bovine foamy virus,None,None,None,None
Herpesviridae,Rhadinovirus,Bovine gammaherpesvirus 4,None,None,None,None
Herpesviridae,Macavirus,Bovine gammaherpesvirus 6,None,None,None,None
Retroviridae,Lentivirus,Bovine immunodeficiency virus,None,None,None,None
Retroviridae,Deltaretrovirus,Bovine leukemia virus,SickUnknownCause,SevereIllness,None,None
Adenoviridae,Mastadenovirus,Bovine mastadenovirus A,None,MildIllness,None,None
Adenoviridae,Mastadenovirus,Bovine mastadenovirus B,None,MildIllness,None,None
Adenoviridae,Mastadenovirus,Bovine mastadenovirus C,None,Deadly,None,None
Poxviridae,Parapoxvirus,Bovine papular stomatitis virus,MildIllness,MildIllness,None,None
Paramyxoviridae,Respirovirus,Bovine parainfluenza virus 3,None,MildIllness,None,None
Picornaviridae,Aphthovirus,Bovine rhinitis A virus,None,MildIllness,None,None
Picornaviridae,Aphthovirus,Bovine rhinitis B virus,None,MildIllness,None,None
Coronaviridae,Torovirus,Bovine torovirus,None,MildIllness,None,None
Flaviviridae,Pestivirus,Bovine viral diarrhea virus 1,None,Deadly,None,None
Flaviviridae,Pestivirus,Bovine viral diarrhea virus 2,None,Deadly,None,None
Herpesviridae,Varicellovirus,Bubaline alphaherpesvirus 1,None,None,None,None
Bunyaviridae,Phlebovirus,Bujaru phlebovirus,None,None,None,None
Flaviviridae,Flavivirus,Bukalasa bat virus,None,None,None,None
Coronaviridae,Deltacoronavirus,Bulbul coronavirus HKU11,None,None,None,None
Filoviridae,Ebolavirus,Bundibugyo ebolavirus,Deadly,None,None,None
Bunyaviridae,Orthobunyavirus,Bunyamwera orthobunyavirus,SevereIllness,SevereIllness,None,None
Bunyaviridae,Orthobunyavirus,Bushbush orthobunyavirus,None,None,None,None
Bunyaviridae,Orthobunyavirus,Bwamba orthobunyavirus,SevereIllness,None,None,None
Togaviridae,Alphavirus,Cabassou virus,None,None,None,None
Flaviviridae,Flavivirus,Cacipacore virus,None,None,None,None
Picornaviridae,Dicipivirus,Cadicivirus A,None,None,None,None
Bunyaviridae,Orthobunyavirus,California encephalitis orthobunyavirus,SevereIllness,None,None,None
Herpesviridae,Lymphocryptovirus,Callitrichine gammaherpesvirus 3,None,None,None,None
Poxviridae,Orthopoxvirus,Camelpox virus,MildIllness,Deadly,None,None
Poxviridae,Gammaentomopoxvirus,Camptochironomus tentans entomopoxvirus,None,None,None,None
Poxviridae,Avipoxvirus,Canarypox virus,None,None,Deadly,None
Bunyaviridae,Phlebovirus,Candiru phlebovirus,MildIllness,None,None,None
Herpesviridae,Varicellovirus,Canid alphaherpesvirus 1,None,Deadly,None,None
Paramyxoviridae,Morbillivirus,Canine distemper virus,None,Deadly,None,None
Adenoviridae,Mastadenovirus,Canine mastadenovirus A,None,Deadly,None,None
Bunyaviridae,Hantavirus,Cano Delgadito hantavirus,None,None,None,None
Bunyaviridae,Orthobunyavirus,Capim orthobunyavirus,None,None,None,None
Herpesviridae,Varicellovirus,Caprine alphaherpesvirus 1,None,Deadly,None,None
Retroviridae,Lentivirus,Caprine arthritis encephalitis virus,None,SevereIllness,None,None
Herpesviridae,Macavirus,Caprine gammaherpesvirus 2,None,MildIllness,None,None
Rhabdoviridae,Vesiculovirus,Carajas vesiculovirus,None,None,None,None
Bunyaviridae,Orthobunyavirus,Caraparu orthobunyavirus,MildIllness,None,None,None
Polyomaviridae,Alphapolyomavirus,Cardioderma cor polyomavirus 1,None,None,None,None
Picornaviridae,Cardiovirus,Cardiovirus A,SevereIllness,Deadly,None,None
Picornaviridae,Cardiovirus,Cardiovirus B,SickUnknownCause,SevereIllness,None,None
Picornaviridae,Cardiovirus,Cardiovirus C,None,None,None,None
Flaviviridae,Flavivirus,Carey Island virus,None,None,None,None
Parvoviridae,Amdoparvovirus,Carnivore amdoparvovirus 1,None,SevereIllness,None,None
Parvoviridae,Amdoparvovirus,Carnivore amdoparvovirus 2,None,MildIllness,None,None
Parvoviridae,Bocaparvovirus,Carnivore bocaparvovirus 1,None,SevereIllness,None,None
Parvoviridae,Bocaparvovirus,Carnivore bocaparvovirus 2,None,Deadly,None,None
Parvoviridae,Bocaparvovirus,Carnivore bocaparvovirus 3,None,None,None,None
Parvoviridae,Protoparvovirus,Carnivore protoparvovirus 1,None,SevereIllness,None,None
Polyomaviridae,Alphapolyomavirus,Carollia perspicillata polyomavirus 1,None,None,None,None
Rhabdoviridae,Sprivivirus,Carp sprivivirus,None,None,None,None
Bunyaviridae,Orthobunyavirus,Catu orthobunyavirus,SickUnknownCause,None,None,None
Herpesviridae,Unassigned,Caviid betaherpesvirus 2,None,MildIllness,None,None
Herpesviridae,Cytomegalovirus,Cebine betaherpesvirus 1,None,None,None,None
Polyomaviridae,Betapolyomavirus,Cebus albifrons polyomavirus 1,None,None,None,None
Paramyxoviridae,Henipavirus,Cedar henipavirus,None,None,None,None
Polyomaviridae,Unassigned,Centropristis striata polyomavirus 1,None,None,None,None
Herpesviridae,Simplexvirus,Cercopithecine alphaherpesvirus 2,None,None,None,None
Herpesviridae,Varicellovirus,Cercopithecine alphaherpesvirus 9,None,None,None,None
Herpesviridae,Cytomegalovirus,Cercopithecine betaherpesvirus 5,None,None,None,None
Herpesviridae,Lymphocryptovirus,Cercopithecine gammaherpesvirus 14,None,None,None,None
Polyomaviridae,Betapolyomavirus,Cercopithecus erythrotis polyomavirus 1,None,None,None,None
Herpesviridae,Varicellovirus,Cervid alphaherpesvirus 1,None,None,None,None
Herpesviridae,Varicellovirus,Cervid alphaherpesvirus 2,None,None,None,None
Paramyxoviridae,Morbillivirus,Cetacean morbillivirus,None,None,None,Deadly
Rhabdoviridae,Vesiculovirus,Chandipura vesiculovirus,Deadly,None,None,None
Reoviridae,Orbivirus,Changuinola virus,MildIllness,MildIllness,None,None
Arenaviridae,Mammarenavirus,Chapare mammarenavirus,Deadly,None,None,None
Herpesviridae,Scutavirus,Chelonid alphaherpesvirus 5,None,None,None,Deadly
Herpesviridae,Unassigned,Chelonid alphaherpesvirus 6,None,None,None,None
Reoviridae,Orbivirus,Chenuda virus,None,None,None,None
Retroviridae,Gammaretrovirus,Chick syncytial virus,None,None,None,None
Anelloviridae,Gyrovirus,Chicken anemia virus,None,None,Deadly,None
Togaviridae,Alphavirus,Chikungunya virus,SevereIllness,None,None,None
Bunyaviridae,Phlebovirus,Chilibre phlebovirus,None,None,None,None
Papillomaviridae,Chipapillomavirus,Chipapillomavirus 1,None,SevereIllness,None,None
Papillomaviridae,Chipapillomavirus,Chipapillomavirus 2,None,MildIllness,None,None
Papillomaviridae,Chipapillomavirus,Chipapillomavirus 3,None,MildIllness,None,None
Poxviridae,Gammaentomopoxvirus,Chironomus attenuatus entomopoxvirus,None,None,None,None
Poxviridae,Gammaentomopoxvirus,Chironomus luridus entomopoxvirus,None,None,None,None
Poxviridae,Gammaentomopoxvirus,Chironomus plumosus entomopoxvirus,None,None,None,None
Parvoviridae,Dependoparvovirus,Chiropteran dependoparvovirus 1,None,None,None,None
Parvoviridae,Tetraparvovirus,Chiropteran tetraparvovirus 1,None,None,None,None
Polyomaviridae,Alphapolyomavirus,Chlorocebus pygerythrus polyomavirus 1,None,None,None,None
Polyomaviridae,Betapolyomavirus,Chlorocebus pygerythrus polyomavirus 2,None,None,None,None
Polyomaviridae,Alphapolyomavirus,Chlorocebus pygerythrus polyomavirus 3,None,None,None,None
Reoviridae,Orbivirus,Chobar Gorge virus,None,None,None,None
Poxviridae,Betaentomopoxvirus,Choristoneura biennis entomopoxvirus,None,None,None,None
Poxviridae,Betaentomopoxvirus,Choristoneura conflicta entomopoxvirus,None,None,None,None
Poxviridae,Betaentomopoxvirus,Choristoneura diversuma entomopoxvirus,None,None,None,None
Poxviridae,Betaentomopoxvirus,Choristoneura fumiferana entomopoxvirus,None,None,None,None
Poxviridae,Betaentomopoxvirus,Choristoneura rosaceana entomopoxvirus,None,None,None,None
Poxviridae,Betaentomopoxvirus,Chorizagrotis auxiliaris entomopoxvirus,None,None,None,None
Flaviviridae,Pestivirus,Classical swine fever virus,None,SevereIllness,None,None
Rhabdoviridae,Tibrovirus,Coastal Plains tibrovirus,None,None,None,None
Rhabdoviridae,Vesiculovirus,Cocal vesiculovirus,MildIllness,MildIllness,None,None
Reoviridae,Coltivirus,Colorado tick fever virus,SevereIllness,None,None,None
Herpesviridae,Mardivirus,Columbid alphaherpesvirus 1,None,None,Deadly,None
Coronaviridae,Deltacoronavirus,Common moorhen coronavirus HKU21,None,None,None,None
Coronaviridae,Deltacoronavirus,Coronavirus HKU15,None,None,None,None
Reoviridae,Orbivirus,Corriparta virus,None,None,None,None
Polyomaviridae,Gammapolyomavirus,Corvus monedula polyomavirus 1,None,None,None,None
Picornaviridae,Cosavirus,Cosavirus A,None,None,None,None
Flaviviridae,Flavivirus,Cowbone Ridge virus,None,None,None,None
Poxviridae,Orthopoxvirus,Cowpox virus,MildIllness,MildIllness,None,None
Polyomaviridae,Gammapolyomavirus,Cracticus torquatus polyomavirus 1,None,None,None,None
Herpesviridae,Rhadinovirus,Cricetid gammaherpesvirus 2,None,None,None,None
Bunyaviridae,Nairovirus,Crimean-Congo hemorrhagic fever nairovirus,Deadly,MildIllness,None,None
Arenaviridae,Mammarenavirus,Cupixi mammarenavirus,None,None,None,None
Reoviridae,Cypovirus,Cypovirus 1,None,None,None,None
Reoviridae,Cypovirus,Cypovirus 10,None,None,None,None
Reoviridae,Cypovirus,Cypovirus 11,None,None,None,None
Reoviridae,Cypovirus,Cypovirus 12,None,None,None,None
Reoviridae,Cypovirus,Cypovirus 13,None,None,None,None
Reoviridae,Cypovirus,Cypovirus 14,None,None,None,None
Reoviridae,Cypovirus,Cypovirus 15,None,None,None,None
Reoviridae,Cypovirus,Cypovirus 16,None,None,None,None
Reoviridae,Cypovirus,Cypovirus 2,None,None,None,None
Reoviridae,Cypovirus,Cypovirus 3,None,None,None,None
Reoviridae,Cypovirus,Cypovirus 4,None,None,None,None
Reoviridae,Cypovirus,Cypovirus 5,None,None,None,None
Reoviridae,Cypovirus,Cypovirus 6,None,None,None,None
Reoviridae,Cypovirus,Cypovirus 7,None,None,None,None
Reoviridae,Cypovirus,Cypovirus 8,None,None,None,None
Reoviridae,Cypovirus,Cypovirus 9,None,None,None,None
Flaviviridae,Flavivirus,Dakar bat virus,None,None,None,None
Arteriviridae,Arterivirus,DeBrazza's monkey arterivirus,None,None,None,None
Parvoviridae,Hepandensovirus,Decapod hepandensovirus 1,None,None,None,None
Parvoviridae,Penstyldensovirus,Decapod penstyldensovirus 1,None,None,None,None
Polyomaviridae,Unassigned,Delphinus delphis polyomavirus 1,None,None,None,None
Papillomaviridae,Deltapapillomavirus,Deltapapillomavirus 1,None,SevereIllness,None,None
Papillomaviridae,Deltapapillomavirus,Deltapapillomavirus 2,None,MildIllness,None,None
Papillomaviridae,Deltapapillomavirus,Deltapapillomavirus 3,None,None,None,None
Papillomaviridae,Deltapapillomavirus,Deltapapillomavirus 4,None,SevereIllness,None,None
Papillomaviridae,Deltapapillomavirus,Deltapapillomavirus 5,None,None,None,None
Papillomaviridae,Deltapapillomavirus,Deltapapillomavirus 6,None,None,None,None
Poxviridae,Alphaentomopoxvirus,Demodema bonariensis entomopoxvirus,None,None,None,None
Flaviviridae,Flavivirus,Dengue virus,Deadly,None,None,None
Bunyaviridae,Nairovirus,Dera Ghazi Khan nairovirus,None,None,None,None
Poxviridae,Alphaentomopoxvirus,Dermolepida albohirtum entomopoxvirus,None,None,None,None
Polyomaviridae,Betapolyomavirus,Desmodus rotundus polyomavirus 1,None,None,None,None
Orthomyxoviridae,Thogotovirus,Dhori virus,SevereIllness,None,None,None
Poxviridae,Unassigned,Diachasmimorpha entomopoxvirus,None,None,None,None
Parvoviridae,Ambidensovirus,Dipteran ambidensovirus 1,None,None,None,None
Parvoviridae,Brevidensovirus,Dipteran brevidensovirus 1,None,None,None,None
Parvoviridae,Brevidensovirus,Dipteran brevidensovirus 2,None,None,None,None
Bunyaviridae,Hantavirus,Dobrava-Belgrade hantavirus,Deadly,None,None,None
Polyomaviridae,Alphapolyomavirus,Dobsonia moluccensis polyomavirus 1,None,None,None,None
Polyomaviridae,Betapolyomavirus,Dobsonia moluccensis polyomavirus 2,None,None,None,None
Polyomaviridae,Betapolyomavirus,Dobsonia moluccensis polyomavirus 3,None,None,None,None
Rhabdoviridae,Sigmavirus,Drosophila affinis sigmavirus,None,None,None,None
Rhabdoviridae,Sigmavirus,Drosophila ananassae sigmavirus,None,None,None,None
Rhabdoviridae,Sigmavirus,Drosophila immigrans sigmavirus,None,None,None,None
Rhabdoviridae,Sigmavirus,Drosophila melanogaster sigmavirus,None,None,None,None
Rhabdoviridae,Sigmavirus,Drosophila obscura sigmavirus,None,None,None,None
Rhabdoviridae,Sigmavirus,Drosophila tristis sigmavirus,None,None,None,None
Adenoviridae,Atadenovirus,Duck atadenovirus A,None,None,MildIllness,None
Adenoviridae,Aviadenovirus,Duck aviadenovirus B,None,None,None,None
Hepadnaviridae,Avihepadnavirus,Duck hepatitis B virus,None,None,MildIllness,None
Bunyaviridae,Nairovirus,Dugbe nairovirus,MildIllness,None,None,None
Rhabdoviridae,Tupavirus,Durham tupavirus,None,None,None,None
Rhabdoviridae,Lyssavirus,Duvenhage lyssavirus,Deadly,Deadly,None,None
Papillomaviridae,Dyochipapillomavirus,Dyochipapillomavirus 1,None,None,None,None
Papillomaviridae,Dyodeltapapillomavirus,Dyodeltapapillomavirus 1,None,None,None,None
Papillomaviridae,Dyoepsilonpapillomavirus,Dyoepsilonpapillomavirus 1,None,None,None,None
Papillomaviridae,Dyoetapapillomavirus,Dyoetapapillomavirus 1,None,None,None,None
Papillomaviridae,Dyoiotapapillomavirus,Dyoiotapapillomavirus 1,None,SevereIllness,None,None
Papillomaviridae,Dyoiotapapillomavirus,Dyoiotapapillomavirus 2,None,MildIllness,None,None
Papillomaviridae,Dyokappapapillomavirus,Dyokappapapillomavirus 1,None,SevereIllness,None,None
Papillomaviridae,Dyokappapapillomavirus,Dyokappapapillomavirus 2,None,None,None,None
Papillomaviridae,Dyolambdapapillomavirus,Dyolambdapapillomavirus 1,None,None,None,None
Papillomaviridae,Dyomupapillomavirus,Dyomupapillomavirus 1,None,None,None,None
Papillomaviridae,Dyonupapillomavirus,Dyonupapillomavirus 1,None,None,None,None
Papillomaviridae,Dyoomegapapillomavirus,Dyoomegapapillomavirus 1,None,None,None,None
Papillomaviridae,Dyoomikronpapillomavirus,Dyoomikronpapillomavirus 1,None,None,None,None
Papillomaviridae,Dyophipapillomavirus,Dyophipapillomavirus 1,None,None,None,None
Papillomaviridae,Dyopipapillomavirus,Dyopipapillomavirus 1,None,None,None,None
Papillomaviridae,Dyopsipapillomavirus,Dyopsipapillomavirus 1,None,None,None,None
Papillomaviridae,Dyorhopapillomavirus,Dyorhopapillomavirus 1,None,MildIllness,None,None
Papillomaviridae,Dyosigmapapillomavirus,Dyosigmapapillomavirus 1,None,None,None,None
Papillomaviridae,Dyotaupapillomavirus,Dyotaupapillomavirus 1,None,None,None,None
Papillomaviridae,Dyothetapapillomavirus,Dyothetapapillomavirus 1,None,SevereIllness,None,None
Papillomaviridae,Dyoupsilonpapillomavirus,Dyoupsilonpapillomavirus 1,None,None,None,None
Papillomaviridae,Dyoxipapillomavirus,Dyoxipapillomavirus 1,None,MildIllness,None,None
Papillomaviridae,Dyozetapapillomavirus,Dyozetapapillomavirus 1,None,None,None,None
Togaviridae,Alphavirus,Eastern equine encephalitis virus,Deadly,Deadly,None,None
Poxviridae,Orthopoxvirus,Ectromelia virus,None,MildIllness,None,None
Flaviviridae,Flavivirus,Edge Hill virus,SevereIllness,None,None,None
Polyomaviridae,Alphapolyomavirus,Eidolon helvum polyomavirus 1,None,None,None,None
Togaviridae,Alphavirus,Eilat virus,None,None,None,None
Bunyaviridae,Hantavirus,El Moro Canyon hantavirus,None,None,None,None
Bornaviridae,Bornavirus,Elapid 1 bornavirus,None,None,None,None
Herpesviridae,Proboscivirus,Elephantid betaherpesvirus 1,None,Deadly,None,None
Flaviviridae,Flavivirus,Entebbe bat virus,None,None,None,None
Picornaviridae,Enterovirus,Enterovirus A,SevereIllness,SevereIllness,None,None
Picornaviridae,Enterovirus,Enterovirus B,Deadly,MildIllness,None,None
Picornaviridae,Enterovirus,Enterovirus C,SevereIllness,None,None,None
Picornaviridae,Enterovirus,Enterovirus D,SevereIllness,SevereIllness,None,None
Picornaviridae,Enterovirus,Enterovirus E,None,MildIllness,None,None
Picornaviridae,Enterovirus,Enterovirus F,None,MildIllness,None,None
Picornaviridae,Enterovirus,Enterovirus G,None,None,None,None
Picornaviridae,Enterovirus,Enterovirus H,None,None,None,None
Picornaviridae,Enterovirus,Enterovirus J,None,None,None,None
Reoviridae,Orbivirus,Epizootic hemorrhagic disease virus,None,SevereIllness,None,None
Papillomaviridae,Epsilonpapillomavirus,Epsilonpapillomavirus 1,None,MildIllness,None,None
Herpesviridae,Varicellovirus,Equid alphaherpesvirus 1,None,Deadly,None,None
Herpesviridae,Varicellovirus,Equid alphaherpesvirus 3,None,MildIllness,None,None
Herpesviridae,Varicellovirus,Equid alphaherpesvirus 4,None,SevereIllness,None,None
Herpesviridae,Varicellovirus,Equid alphaherpesvirus 8,None,MildIllness,None,None
Herpesviridae,Varicellovirus,Equid alphaherpesvirus 9,None,None,None,None
Herpesviridae,Percavirus,Equid gammaherpesvirus 2,None,SevereIllness,None,None
Herpesviridae,Percavirus,Equid gammaherpesvirus 5,None,SevereIllness,None,None
Herpesviridae,Unassigned,Equid gammaherpesvirus 7,None,None,None,None
Arteriviridae,Arterivirus,Equine arteritis virus,None,Deadly,None,None
Reoviridae,Orbivirus,Equine encephalosis virus,None,Deadly,None,None
Retroviridae,Spumavirus,Equine foamy virus,None,None,None,None
Retroviridae,Lentivirus,Equine infectious anemia virus,None,SevereIllness,None,None
Adenoviridae,Mastadenovirus,Equine mastadenovirus A,None,Deadly,None,None
Adenoviridae,Mastadenovirus,Equine mastadenovirus B,None,MildIllness,None,None
Picornaviridae,Aphthovirus,Equine rhinitis A virus,None,MildIllness,None,None
Coronaviridae,Torovirus,Equine torovirus,None,MildIllness,None,None
Polyomaviridae,Betapolyomavirus,Equus caballus polyomavirus 1,None,None,None,None
Picornaviridae,Erbovirus,Erbovirus A,None,MildIllness,None,None
Reoviridae,Cardoreovirus,Eriocheir sinensis reovirus,None,None,None,None
Bunyaviridae,Orthobunyavirus,Estero Real orthobunyavirus,None,None,None,None
Papillomaviridae,Etapapillomavirus,Etapapillomavirus 1,None,None,MildIllness,None
Reoviridae,Orbivirus,Eubenangee virus,None,None,None,None
Rhabdoviridae,Lyssavirus,European bat 1 lyssavirus,Deadly,Deadly,None,None
Rhabdoviridae,Lyssavirus,European bat 2 lyssavirus,Deadly,Deadly,None,None
Caliciviridae,Lagovirus,European brown hare syndrome virus,None,Deadly,None,None
Togaviridae,Alphavirus,Everglades virus,None,None,None,None
Reoviridae,Coltivirus,Eyach virus,None,None,None,None
Adenoviridae,Aviadenovirus,Falcon aviadenovirus A,None,None,None,None
Coronaviridae,Bafinivirus,Fathead minnow nidovirus 1,None,None,None,None
Herpesviridae,Varicellovirus,Felid alphaherpesvirus 1,None,MildIllness,None,None
Caliciviridae,Vesivirus,Feline calicivirus,None,SevereIllness,None,None
Retroviridae,Spumavirus,Feline foamy virus,None,None,None,None
Retroviridae,Lentivirus,Feline immunodeficiency virus,None,Deadly,None,None
Retroviridae,Gammaretrovirus,Feline leukemia virus,None,SevereIllness,None,None
Paramyxoviridae,Morbillivirus,Feline morbillivirus,None,None,None,None
Paramyxoviridae,Ferlavirus,Fer-de-Lance paramyxovirus,None,None,None,Deadly
Poxviridae,Alphaentomopoxvirus,Figulus sublaevis entomopoxvirus,None,None,None,None
Retroviridae,Gammaretrovirus,Finkel-Biskis-Jinkins murine sarcoma virus,None,None,None,None
Rhabdoviridae,Unassigned,Flanders virus,None,None,None,None
Arenaviridae,Mammarenavirus,Flexal mammarenavirus,None,None,None,None
Picornaviridae,Aphthovirus,Foot-and-mouth disease virus,None,Deadly,None,None
Arteriviridae,Arterivirus,Forest pouched giant rat arterivirus,None,None,None,None
Togaviridae,Alphavirus,Fort Morgan virus,None,None,None,None
Adenoviridae,Aviadenovirus,Fowl aviadenovirus A,None,None,Deadly,None
Adenoviridae,Aviadenovirus,Fowl aviadenovirus B,None,None,None,None
Adenoviridae,Aviadenovirus,Fowl aviadenovirus C,None,None,Deadly,None
Adenoviridae,Aviadenovirus,Fowl aviadenovirus D,None,None,None,None
Adenoviridae,Aviadenovirus,Fowl aviadenovirus E,None,None,None,None
Poxviridae,Avipoxvirus,Fowlpox virus,None,None,Deadly,None
Bunyaviridae,Phlebovirus,Frijoles phlebovirus,None,None,None,None
Adenoviridae,Siadenovirus,Frog siadenovirus A,None,None,None,None
Retroviridae,Alpharetrovirus,Fujinami sarcoma virus,None,None,SevereIllness,None
Flaviviridae,Flavivirus,Gadgets Gully virus,None,None,None,None
Arenaviridae,Mammarenavirus,Gairo mammarenavirus,None,None,None,None
Herpesviridae,Iltovirus,Gallid alphaherpesvirus 1,None,None,Deadly,None
Herpesviridae,Mardivirus,Gallid alphaherpesvirus 2,None,None,Deadly,None
Herpesviridae,Mardivirus,Gallid alphaherpesvirus 3,None,None,None,None
Parvoviridae,Aveparvovirus,Galliform aveparvovirus 1,None,None,SevereIllness,None
Picornaviridae,Gallivirus,Gallivirus A,None,None,None,None
Bunyaviridae,Orthobunyavirus,Gamboa orthobunyavirus,None,None,None,None
Papillomaviridae,Gammapapillomavirus,Gammapapillomavirus 1,MildIllness,None,None,None
Papillomaviridae,Gammapapillomavirus,Gammapapillomavirus 10,None,None,None,None
Papillomaviridae,Gammapapillomavirus,Gammapapillomavirus 11,None,None,None,None
Papillomaviridae,Gammapapillomavirus,Gammapapillomavirus 12,None,None,None,None
Papillomaviridae,Gammapapillomavirus,Gammapapillomavirus 13,None,None,None,None
Papillomaviridae,Gammapapillomavirus,Gammapapillomavirus 14,None,None,None,None
Papillomaviridae,Gammapapillomavirus,Gammapapillomavirus 15,None,None,None,None
Papillomaviridae,Gammapapillomavirus,Gammapapillomavirus 16,None,None,None,None
Papillomaviridae,Gammapapillomavirus,Gammapapillomavirus 17,None,None,None,None
Papillomaviridae,Gammapapillomavirus,Gammapapillomavirus 18,None,None,None,None
Papillomaviridae,Gammapapillomavirus,Gammapapillomavirus 19,None,None,None,None
Papillomaviridae,Gammapapillomavirus,Gammapapillomavirus 2,MildIllness,None,None,None
Papillomaviridae,Gammapapillomavirus,Gammapapillomavirus 20,None,None,None,None
Papillomaviridae,Gammapapillomavirus,Gammapapillomavirus 21,None,None,None,None
Papillomaviridae,Gammapapillomavirus,Gammapapillomavirus 22,None,None,None,None
Papillomaviridae,Gammapapillomavirus,Gammapapillomavirus 23,None,None,None,None
Papillomaviridae,Gammapapillomavirus,Gammapapillomavirus 24,None,None,None,None
Papillomaviridae,Gammapapillomavirus,Gammapapillomavirus 25,None,None,None,None
Papillomaviridae,Gammapapillomavirus,Gammapapillomavirus 26,None,None,None,None
Papillomaviridae,Gammapapillomavirus,Gammapapillomavirus 3,SevereIllness,None,None,None
Papillomaviridae,Gammapapillomavirus,Gammapapillomavirus 4,MildIllness,None,None,None
Papillomaviridae,Gammapapillomavirus,Gammapapillomavirus 5,MildIllness,None,None,None
Papillomaviridae,Gammapapillomavirus,Gammapapillomavirus 6,None,None,None,None
Papillomaviridae,Gammapapillomavirus,Gammapapillomavirus 7,None,None,None,None
Papillomaviridae,Gammapapillomavirus,Gammapapillomavirus 8,None,None,None,None
Papillomaviridae,Gammapapillomavirus,Gammapapillomavirus 9,None,None,None,None
Retroviridae,Gammaretrovirus,Gardner-Arnstein feline sarcoma virus,None,None,None,None
Poxviridae,Alphaentomopoxvirus,Geotrupes sylvaticus entomopoxvirus,None,None,None,None
Togaviridae,Alphavirus,Getah virus,None,MildIllness,None,None
Paramyxoviridae,Henipavirus,Ghanaian bat henipavirus,None,None,None,None
Retroviridae,Gammaretrovirus,Gibbon ape leukemia virus,None,None,None,None
Poxviridae,Capripoxvirus,Goatpox virus,None,Deadly,None,None
Poxviridae,Gammaentomopoxvirus,Goeldichironomus holoprasinus entomopoxvirus,None,None,None,None
Adenoviridae,Aviadenovirus,Goose aviadenovirus A,None,None,None,None
Polyomaviridae,Alphapolyomavirus,Gorilla gorilla polyomavirus 1,None,None,None,None
Herpesviridae,Lymphocryptovirus,Gorilline gammaherpesvirus 1,None,None,None,None
Reoviridae,Orbivirus,Great Island virus,SickUnknownCause,None,None,None
Adenoviridae,Siadenovirus,Great tit siadenovirus A,None,None,None,None
Hepadnaviridae,Orthohepadnavirus,Ground squirrel hepatitis virus,None,SevereIllness,None,None
Bunyaviridae,Orthobunyavirus,Guajara orthobunyavirus,None,None,None,None
Bunyaviridae,Orthobunyavirus,Guama orthobunyavirus,None,None,None,None
Arenaviridae,Mammarenavirus,Guanarito mammarenavirus,Deadly,None,None,None
Bunyaviridae,Orthobunyavirus,Guaroa orthobunyavirus,SickUnknownCause,None,None,None
Retroviridae,Gammaretrovirus,Guinea pig type-C oncovirus,None,None,None,None
Bunyaviridae,Hantavirus,Hantaan hantavirus,Deadly,None,None,None
Retroviridae,Gammaretrovirus,Hardy-Zuckerman feline sarcoma virus,None,None,None,None
Poxviridae,Leporipoxvirus,Hare fibroma virus,None,SevereIllness,None,None
Retroviridae,Gammaretrovirus,Harvey murine sarcoma virus,None,None,None,None
Coronaviridae,Betacoronavirus,Hedgehog coronavirus 1,None,None,None,None
Poxviridae,Betaentomopoxvirus,Heliothis armigera entomopoxvirus,None,None,None,None
Parvoviridae,Ambidensovirus,Hemipteran ambidensovirus 1,None,None,None,None
Paramyxoviridae,Henipavirus,Hendra virus,Deadly,Deadly,None,None
Hepadnaviridae,Orthohepadnavirus,Hepatitis B virus,SevereIllness,SevereIllness,None,None
Flaviviridae,Hepacivirus,Hepatitis C virus,SevereIllness,MildIllness,None,None
Picornaviridae,Hepatovirus,Hepatovirus A,SevereIllness,SevereIllness,None,None
Hepadnaviridae,Avihepadnavirus,Heron hepatitis B virus,None,None,None,None
Togaviridae,Alphavirus,Highlands J virus,None,SevereIllness,Deadly,None
Herpesviridae,Macavirus,Hippotragine gammaherpesvirus 1,None,None,None,None
Rhabdoviridae,Novirhabdovirus,Hirame novirhabdovirus,None,None,None,None
Bunyaviridae,Nairovirus,Hughes nairovirus,None,None,SevereIllness,None
Herpesviridae,Simplexvirus,Human alphaherpesvirus 1,SevereIllness,None,None,None
Herpesviridae,Simplexvirus,Human alphaherpesvirus 2,MildIllness,None,None,None
Herpesviridae,Varicellovirus,Human alphaherpesvirus 3,SevereIllness,None,None,None
Herpesviridae,Cytomegalovirus,Human betaherpesvirus 5,Deadly,None,None,None
Herpesviridae,Roseolovirus,Human betaherpesvirus 6A,SevereIllness,None,None,None
Herpesviridae,Roseolovirus,Human betaherpesvirus 6B,SevereIllness,None,None,None
Herpesviridae,Roseolovirus,Human betaherpesvirus 7,MildIllness,None,None,None
Coronaviridae,Alphacoronavirus,Human coronavirus 229E,MildIllness,None,None,None
Coronaviridae,Betacoronavirus,Human coronavirus HKU1,SevereIllness,None,None,None
Coronaviridae,Alphacoronavirus,Human coronavirus NL63,SevereIllness,None,None,None
Herpesviridae,Lymphocryptovirus,Human gammaherpesvirus 4,SevereIllness,None,None,None
Herpesviridae,Rhadinovirus,Human gammaherpesvirus 8,Deadly,None,None,None
Retroviridae,Lentivirus,Human immunodeficiency virus 1,Deadly,Deadly,None,None
Retroviridae,Lentivirus,Human immunodeficiency virus 2,Deadly,Deadly,None,None
Adenoviridae,Mastadenovirus,Human mastadenovirus A,Deadly,None,None,None
Adenoviridae,Mastadenovirus,Human mastadenovirus B,Deadly,None,None,None
Adenoviridae,Mastadenovirus,Human mastadenovirus C,Deadly,None,None,None
Adenoviridae,Mastadenovirus,Human mastadenovirus D,MildIllness,None,None,None
Adenoviridae,Mastadenovirus,Human mastadenovirus E,Deadly,None,None,None
Adenoviridae,Mastadenovirus,Human mastadenovirus F,MildIllness,None,None,None
Adenoviridae,Mastadenovirus,Human mastadenovirus G,MildIllness,None,None,None
Paramyxoviridae,Respirovirus,Human parainfluenza virus 1,SevereIllness,None,None,None
Paramyxoviridae,Rubulavirus,Human parainfluenza virus 2,MildIllness,None,None,None
Paramyxoviridae,Respirovirus,Human parainfluenza virus 3,SevereIllness,None,None,None
Paramyxoviridae,Rubulavirus,Human parainfluenza virus 4,MildIllness,None,None,None
Picobirnaviridae,Picobirnavirus,Human picobirnavirus,SickUnknownCause,None,None,None
Polyomaviridae,Betapolyomavirus,Human polyomavirus 1,SevereIllness,None,None,None
Polyomaviridae,Deltapolyomavirus,Human polyomavirus 10,None,None,None,None
Polyomaviridae,Deltapolyomavirus,Human polyomavirus 11,None,None,None,None
Polyomaviridae,Alphapolyomavirus,Human polyomavirus 12,None,None,None,None
Polyomaviridae,Alphapolyomavirus,Human polyomavirus 13,SickUnknownCause,None,None,None
Polyomaviridae,Betapolyomavirus,Human polyomavirus 2,SevereIllness,None,None,None
Polyomaviridae,Betapolyomavirus,Human polyomavirus 3,None,None,None,None
Polyomaviridae,Betapolyomavirus,Human polyomavirus 4,None,None,None,None
Polyomaviridae,Alphapolyomavirus,Human polyomavirus 5,Deadly,None,None,None
Polyomaviridae,Deltapolyomavirus,Human polyomavirus 6,None,None,None,None
Polyomaviridae,Deltapolyomavirus,Human polyomavirus 7,None,None,None,None
Polyomaviridae,Alphapolyomavirus,Human polyomavirus 8,SevereIllness,None,None,None
Polyomaviridae,Alphapolyomavirus,Human polyomavirus 9,None,None,None,None
Coronaviridae,Torovirus,Human torovirus,MildIllness,None,None,None
Picornaviridae,Hunnivirus,Hunnivirus A,None,None,None,None
Reoviridae,Idnoreovirus,Idnoreovirus 1,None,None,None,None
Reoviridae,Idnoreovirus,Idnoreovirus 2,None,None,None,None
Reoviridae,Idnoreovirus,Idnoreovirus 3,None,None,None,None
Reoviridae,Idnoreovirus,Idnoreovirus 4,None,None,None,None
Reoviridae,Idnoreovirus,Idnoreovirus 5,None,None,None,None
Reoviridae,Orbivirus,Ieri virus,None,None,None,None
Herpesviridae,Unassigned,Iguanid herpesvirus 2,None,None,None,None
Rhabdoviridae,Lyssavirus,Ikoma lyssavirus,None,None,None,None
Flaviviridae,Flavivirus,Ilheus virus,MildIllness,None,None,None
Rhabdoviridae,Vesiculovirus,Indiana vesiculovirus,MildIllness,MildIllness,None,None
Orthomyxoviridae,Isavirus,Infectious salmon anemia virus,None,None,None,None
Orthomyxoviridae,Influenzavirus A,Influenza A virus,Deadly,SevereIllness,Deadly,None
Orthomyxoviridae,Influenzavirus B,Influenza B virus,MildIllness,None,None,None
Orthomyxoviridae,Influenzavirus C,Influenza C virus,MildIllness,MildIllness,None,None
Papillomaviridae,Iotapapillomavirus,Iotapapillomavirus 1,None,None,None,None
Arenaviridae,Mammarenavirus,Ippy mammarenavirus,None,None,None,None
Rhabdoviridae,Lyssavirus,Irkut lyssavirus,None,None,None,None
Rhabdoviridae,Vesiculovirus,Isfahan vesiculovirus,MildIllness,None,None,None
Bunyaviridae,Hantavirus,Isla Vista hantavirus,None,None,None,None
Flaviviridae,Flavivirus,Israel turkey meningoencephalomyelitis virus,None,None,None,None
Retroviridae,Betaretrovirus,Jaagsiekte sheep retrovirus,None,Deadly,None,None
Flaviviridae,Flavivirus,Japanese encephalitis virus,Deadly,Deadly,None,None
Orthomyxoviridae,Quaranjavirus,Johnston Atoll virus,None,None,None,None
Flaviviridae,Flavivirus,Jugra virus,None,None,None,None
Poxviridae,Avipoxvirus,Juncopox virus,None,None,SevereIllness,None
Arenaviridae,Mammarenavirus,Junin mammarenavirus,Deadly,Deadly,None,None
Flaviviridae,Flavivirus,Jutiapa virus,None,None,None,None
Flaviviridae,Flavivirus,Kadam virus,None,None,None,None
Reoviridae,Seadornavirus,Kadipiro virus,SickUnknownCause,None,None,None
Bunyaviridae,Orthobunyavirus,Kaeng Khoi orthobunyavirus,None,None,None,None
Bunyaviridae,Orthobunyavirus,Kairi orthobunyavirus,None,None,None,None
Papillomaviridae,Kappapapillomavirus,Kappapapillomavirus 1,None,MildIllness,None,None
Papillomaviridae,Kappapapillomavirus,Kappapapillomavirus 2,None,SevereIllness,None,None
Flaviviridae,Flavivirus,Kedougou virus,None,None,None,None
Bunyaviridae,Hantavirus,Khabarovsk hantavirus,None,None,None,None
Rhabdoviridae,Lyssavirus,Khujand lyssavirus,None,None,None,None
Arteriviridae,Arterivirus,Kibale red colobus virus 1,None,None,None,None
Arteriviridae,Arterivirus,Kibale red colobus virus 2,None,None,None,None
Arteriviridae,Arterivirus,Kibale red-tailed guenon virus 1,None,None,None,None
Retroviridae,Gammaretrovirus,Kirsten murine sarcoma virus,None,None,None,None
Flaviviridae,Flavivirus,Kokobera virus,MildIllness,None,None,None
Bunyaviridae,Orthobunyavirus,Koongol orthobunyavirus,None,None,None,None
Rhabdoviridae,Ephemerovirus,Kotonkan ephemerovirus,None,None,None,None
Flaviviridae,Flavivirus,Koutango virus,None,None,None,None
Picornaviridae,Kunsagivirus,Kunsagivirus A,None,None,None,None
Flaviviridae,Flavivirus,Kyasanur Forest disease virus,Deadly,Deadly,None,None
Arteriviridae,Arterivirus,Lactate dehydrogenase-elevating virus,None,MildIllness,None,None
Rhabdoviridae,Lyssavirus,Lagos bat lyssavirus,None,Deadly,None,None
Bunyaviridae,Hantavirus,Laguna Negra hantavirus,SevereIllness,None,None,None
Papillomaviridae,Lambdapapillomavirus,Lambdapapillomavirus 1,None,MildIllness,None,None
Papillomaviridae,Lambdapapillomavirus,Lambdapapillomavirus 2,None,MildIllness,None,None
Papillomaviridae,Lambdapapillomavirus,Lambdapapillomavirus 3,None,None,None,None
Papillomaviridae,Lambdapapillomavirus,Lambdapapillomavirus 4,None,MildIllness,None,None
Papillomaviridae,Lambdapapillomavirus,Lambdapapillomavirus 5,None,None,None,None
Flaviviridae,Flavivirus,Langat virus,None,None,None,None
Retroviridae,Betaretrovirus,Langur virus,None,None,None,None
Arenaviridae,Mammarenavirus,Lassa mammarenavirus,Deadly,Deadly,None,None
Arenaviridae,Mammarenavirus,Latino mammarenavirus,None,None,None,None
Reoviridae,Orbivirus,Lebombo virus,SickUnknownCause,None,None,None
Parvoviridae,Ambidensovirus,Lepidopteran ambidensovirus 1,None,None,None,None
Parvoviridae,Iteradensovirus,Lepidopteran iteradensovirus 1,None,None,None,None
Parvoviridae,Iteradensovirus,Lepidopteran iteradensovirus 2,None,None,None,None
Parvoviridae,Iteradensovirus,Lepidopteran iteradensovirus 3,None,None,None,None
Parvoviridae,Iteradensovirus,Lepidopteran iteradensovirus 4,None,None,None,None
Parvoviridae,Iteradensovirus,Lepidopteran iteradensovirus 5,None,None,None,None
Herpesviridae,Simplexvirus,Leporid alphaherpesvirus 4,None,Deadly,None,None
Reoviridae,Seadornavirus,Liao ning virus,None,Deadly,None,None
Picornaviridae,Limnipivirus,Limnipivirus A,None,None,None,None
Picornaviridae,Limnipivirus,Limnipivirus B,None,None,None,None
Picornaviridae,Limnipivirus,Limnipivirus C,None,None,None,None
Filoviridae,Cuevavirus,Lloviu cuevavirus,None,None,None,None
Poxviridae,Betaentomopoxvirus,Locusta migratoria entomopoxvirus,None,None,None,None
Hepadnaviridae,Orthohepadnavirus,Long-fingered bat hepatitis B virus,None,None,None,None
Flaviviridae,Flavivirus,Louping ill virus,SevereIllness,Deadly,None,None
Polyomaviridae,Betapolyomavirus,Loxodonta africana polyomavirus 1,None,None,None,None
Arenaviridae,Mammarenavirus,Lujo mammarenavirus,Deadly,None,None,None
Poxviridae,Capripoxvirus,Lumpy skin disease virus,None,SevereIllness,None,None
Arenaviridae,Mammarenavirus,Luna mammarenavirus,None,None,None,None
Arenaviridae,Mammarenavirus,Lunk mammarenavirus,None,None,None,None
Arenaviridae,Mammarenavirus,Lymphocytic choriomeningitis mammarenavirus,SevereIllness,SevereIllness,None,None
Polyomaviridae,Alphapolyomavirus,Macaca fascicularis polyomavirus 1,None,None,None,None
Polyomaviridae,Betapolyomavirus,Macaca mulatta polyomavirus 1,SickUnknownCause,SevereIllness,None,None
Herpesviridae,Simplexvirus,Macacine alphaherpesvirus 1,Deadly,MildIllness,None,None
Herpesviridae,Cytomegalovirus,Macacine betaherpesvirus 3,None,SevereIllness,None,None
Herpesviridae,Lymphocryptovirus,Macacine gammaherpesvirus 4,None,None,None,None
Herpesviridae,Rhadinovirus,Macacine gammaherpesvirus 5,None,None,None,None
Retroviridae,Spumavirus,Macaque simian foamy virus,None,None,None,None
Arenaviridae,Mammarenavirus,Machupo mammarenavirus,Deadly,Deadly,None,None
Herpesviridae,Simplexvirus,Macropodid alphaherpesvirus 1,None,None,None,None
Herpesviridae,Simplexvirus,Macropodid alphaherpesvirus 2,None,None,None,None
Togaviridae,Alphavirus,Madariaga virus,SickUnknownCause,None,None,None
Bunyaviridae,Orthobunyavirus,Madrid orthobunyavirus,None,None,None,None
Bunyaviridae,Orthobunyavirus,Main Drain orthobunyavirus,None,SevereIllness,None,None
Astroviridae,Mamastrovirus,Mamastrovirus 1,MildIllness,None,None,None
Astroviridae,Mamastrovirus,Mamastrovirus 10,None,MildIllness,None,None
Astroviridae,Mamastrovirus,Mamastrovirus 11,None,None,None,None
Astroviridae,Mamastrovirus,Mamastrovirus 12,None,None,None,None
Astroviridae,Mamastrovirus,Mamastrovirus 13,None,MildIllness,None,None
Astroviridae,Mamastrovirus,Mamastrovirus 14,None,None,None,None
Astroviridae,Mamastrovirus,Mamastrovirus 15,None,None,None,None
Astroviridae,Mamastrovirus,Mamastrovirus 16,None,None,None,None
Astroviridae,Mamastrovirus,Mamastrovirus 17,None,None,None,None
Astroviridae,Mamastrovirus,Mamastrovirus 18,None,None,None,None
Astroviridae,Mamastrovirus,Mamastrovirus 19,None,None,None,None
Astroviridae,Mamastrovirus,Mamastrovirus 2,None,MildIllness,None,None
Astroviridae,Mamastrovirus,Mamastrovirus 3,None,MildIllness,None,None
Astroviridae,Mamastrovirus,Mamastrovirus 4,None,None,None,None
Astroviridae,Mamastrovirus,Mamastrovirus 5,None,None,None,None
Astroviridae,Mamastrovirus,Mamastrovirus 6,SickUnknownCause,None,None,None
Astroviridae,Mamastrovirus,Mamastrovirus 7,None,None,None,None
Astroviridae,Mamastrovirus,Mamastrovirus 8,SickUnknownCause,None,None,None
Astroviridae,Mamastrovirus,Mamastrovirus 9,SickUnknownCause,None,None,None
Bornaviridae,Bornavirus,Mammalian 1 bornavirus,SickUnknownCause,SevereIllness,None,None
Reoviridae,Orthoreovirus,Mammalian orthoreovirus,None,Deadly,None,None
Bunyaviridae,Orthobunyavirus,Manzanilla orthobunyavirus,None,None,None,None
Paramyxoviridae,Rubulavirus,Mapuera virus,None,None,None,None
Rhabdoviridae,Vesiculovirus,Maraba vesiculovirus,None,None,None,None
Filoviridae,Marburgvirus,Marburg marburgvirus,Deadly,Deadly,None,None
Arenaviridae,Mammarenavirus,Mariental mammarenavirus,None,None,None,None
Bunyaviridae,Orthobunyavirus,Marituba orthobunyavirus,MildIllness,None,None,None
Retroviridae,Betaretrovirus,Mason-Pfizer monkey virus,None,None,None,None
Polyomaviridae,Betapolyomavirus,Mastomys natalensis polyomavirus 1,None,None,None,None
Togaviridae,Alphavirus,Mayaro virus,Deadly,None,None,None
Flaviviridae,Flavivirus,Meaban virus,None,None,None,None
Paramyxoviridae,Morbillivirus,Measles virus,Deadly,SevereIllness,None,None
Poxviridae,Unassigned,Melanoplus sanguinipes entomopoxvirus O,None,None,None,None
Herpesviridae,Mardivirus,Meleagrid alphaherpesvirus 1,None,None,None,None
Picornaviridae,Megrivirus,Melegrivirus A,None,None,Deadly,None
Polyomaviridae,Betapolyomavirus,Meles meles polyomavirus 1,None,None,None,None
Poxviridae,Alphaentomopoxvirus,Melolontha melolontha entomopoxvirus,None,None,None,None
Arenaviridae,Mammarenavirus,Merino Walk mammarenavirus,None,None,None,None
Polyomaviridae,Alphapolyomavirus,Mesocricetus auratus polyomavirus 1,None,SevereIllness,None,None
Reoviridae,Mimoreovirus,Micromonas pusilla reovirus,None,None,None,None
Togaviridae,Alphavirus,Middelburg virus,None,None,None,None
Coronaviridae,Betacoronavirus,Middle East respiratory syndrome-related coronavirus,Deadly,None,None,None
Arteriviridae,Arterivirus,Mikumi yellow baboon virus 1,None,None,None,None
Bunyaviridae,Orthobunyavirus,Minatitlan orthobunyavirus,None,None,None,None
Polyomaviridae,Betapolyomavirus,Miniopterus africanus polyomavirus 1,None,None,None,None
Coronaviridae,Alphacoronavirus,Miniopterus bat coronavirus 1,None,None,None,None
Coronaviridae,Alphacoronavirus,Miniopterus bat coronavirus HKU8,None,None,None,None
Coronaviridae,Alphacoronavirus,Mink coronavirus 1,None,Deadly,None,None
Picornaviridae,Mischivirus,Mischivirus A,None,None,None,None
Arenaviridae,Mammarenavirus,Mobala mammarenavirus,None,None,None,None
Flaviviridae,Flavivirus,Modoc virus,None,None,None,None
Paramyxoviridae,Henipavirus,Mojiang henipavirus,None,None,None,None
Rhabdoviridae,Lyssavirus,Mokola lyssavirus,Deadly,Deadly,None,None
Poxviridae,Molluscipoxvirus,Molluscum contagiosum virus,MildIllness,MildIllness,MildIllness,None
Retroviridae,Gammaretrovirus,Moloney murine sarcoma virus,None,SevereIllness,None,None
Polyomaviridae,Alphapolyomavirus,Molossus molossus polyomavirus 1,None,None,None,None
Poxviridae,Orthopoxvirus,Monkeypox virus,Deadly,None,None,None
Flaviviridae,Flavivirus,Montana myotis leukoencephalitis virus,None,None,None,None
Arenaviridae,Mammarenavirus,Mopeia mammarenavirus,None,None,None,None
Picornaviridae,Mosavirus,Mosavirus A,None,None,None,None
Togaviridae,Alphavirus,Mosso das Pedras virus,None,None,None,None
Retroviridae,Betaretrovirus,Mouse mammary tumor virus,None,SevereIllness,None,None
Rhabdoviridae,Unassigned,Moussa virus,None,None,None,None
Bunyaviridae,Orthobunyavirus,MPoko orthobunyavirus,None,None,None,None
Togaviridae,Alphavirus,Mucambo virus,None,None,None,None
Poxviridae,Cervidpoxvirus,Mule deerpox virus,None,None,None,None
Bunyaviridae,Hantavirus,Muleshoe hantavirus,None,None,None,None
Paramyxoviridae,Rubulavirus,Mumps virus,SevereIllness,None,None,None
Coronaviridae,Deltacoronavirus,Munia coronavirus HKU13,None,None,None,None
Papillomaviridae,Mupapillomavirus,Mupapillomavirus 1,MildIllness,None,None,None
Papillomaviridae,Mupapillomavirus,Mupapillomavirus 2,None,None,None,None
Papillomaviridae,Mupapillomavirus,Mupapillomavirus 3,None,None,None,None
Herpesviridae,Muromegalovirus,Murid betaherpesvirus 1,None,None,None,None
Herpesviridae,Muromegalovirus,Murid betaherpesvirus 2,None,None,None,None
Herpesviridae,Muromegalovirus,Murid betaherpesvirus 8,None,None,None,None
Herpesviridae,Rhadinovirus,Murid gammaherpesvirus 4,None,None,None,None
Herpesviridae,Rhadinovirus,Murid gammaherpesvirus 7,None,None,None,None
Coronaviridae,Betacoronavirus,Murine coronavirus,None,SevereIllness,SevereIllness,None
Retroviridae,Gammaretrovirus,Murine leukemia virus,SickUnknownCause,SevereIllness,None,None
Adenoviridae,Mastadenovirus,Murine mastadenovirus A,None,None,None,None
Adenoviridae,Mastadenovirus,Murine mastadenovirus B,None,None,None,None
Adenoviridae,Mastadenovirus,Murine mastadenovirus C,None,None,None,None
Flaviviridae,Flavivirus,Murray Valley encephalitis virus,Deadly,Deadly,None,None
Polyomaviridae,Alphapolyomavirus,Mus musculus polyomavirus 1,None,SevereIllness,None,None
Polyomaviridae,Betapolyomavirus,Mus musculus polyomavirus 2,None,None,None,None
Rhabdoviridae,Sigmavirus,Muscina stabulans sigmavirus,None,None,None,None
Herpesviridae,Percavirus,Mustelid gammaherpesvirus 1,None,None,None,None
Poxviridae,Avipoxvirus,Mynahpox virus,None,None,SevereIllness,None
Polyomaviridae,Betapolyomavirus,Myotis lucifugus polyomavirus 1,None,None,None,None
Poxviridae,Betaentomopoxvirus,Mythimna separata entomopoxvirus,None,None,None,None
Poxviridae,Leporipoxvirus,Myxoma virus,None,Deadly,None,None
Togaviridae,Alphavirus,Ndumu virus,None,None,None,None
Reoviridae,Orthoreovirus,Nelson Bay orthoreovirus,SickUnknownCause,None,None,None
Rhabdoviridae,Vesiculovirus,New Jersey vesiculovirus,MildIllness,MildIllness,None,None
Bunyaviridae,Hantavirus,New York hantavirus,Deadly,None,None,None
Caliciviridae,Nebovirus,Newbury-1 virus,None,MildIllness,None,None
Paramyxoviridae,Avulavirus,Newcastle disease virus,MildIllness,None,Deadly,None
Rhabdoviridae,Unassigned,Ngaingan virus,None,None,None,None
Coronaviridae,Deltacoronavirus,Night heron coronavirus HKU19,None,None,None,None
Poxviridae,Crocodylidpoxvirus,Nile crocodilepox virus,None,None,None,None
Paramyxoviridae,Henipavirus,Nipah virus,Deadly,SevereIllness,None,None
Caliciviridae,Norovirus,Norwalk virus,MildIllness,None,None,None
Flaviviridae,Flavivirus,Ntaya virus,MildIllness,None,None,None
Papillomaviridae,Nupapillomavirus,Nupapillomavirus 1,MildIllness,None,None,None
Bunyaviridae,Orthobunyavirus,Nyando orthobunyavirus,SickUnknownCause,None,None,None
Togaviridae,Alphavirus,O'nyong-nyong virus,SevereIllness,None,None,None
Rhabdoviridae,Ephemerovirus,Obodhiang ephemerovirus,None,None,None,None
Poxviridae,Betaentomopoxvirus,Oedaleus senegalensis entomopoxvirus,None,None,None,None
Arenaviridae,Mammarenavirus,Okahandja mammarenavirus,None,None,None,None
Bunyaviridae,Orthobunyavirus,Olifantsvlei orthobunyavirus,None,None,None,None
Arenaviridae,Mammarenavirus,Oliveros mammarenavirus,None,None,None,None
Papillomaviridae,Omegapapillomavirus,Omegapapillomavirus 1,None,None,None,None
Papillomaviridae,Omikronpapillomavirus,Omikronpapillomavirus 1,None,None,None,None
Flaviviridae,Flavivirus,Omsk hemorrhagic fever virus,Deadly,Deadly,None,None
Rhabdoviridae,Novirhabdovirus,Oncorhynchus 1 novirhabdovirus,None,None,None,None
Rhabdoviridae,Novirhabdovirus,Oncorhynchus 2 novirhabdovirus,None,None,None,None
Poxviridae,Betaentomopoxvirus,Operophtera brumata entomopoxvirus,None,None,None,None
Poxviridae,Parapoxvirus,Orf virus,MildIllness,MildIllness,None,None
Bunyaviridae,Orthobunyavirus,Oriboca orthobunyavirus,None,None,None,None
Bunyaviridae,Orthobunyavirus,Oropouche orthobunyavirus,SevereIllness,None,None,None
Hepeviridae,Orthohepevirus,Orthohepevirus A,Deadly,MildIllness,None,None
Hepeviridae,Orthohepevirus,Orthohepevirus B,None,None,None,None
Hepeviridae,Orthohepevirus,Orthohepevirus C,None,None,None,None
Hepeviridae,Orthohepevirus,Orthohepevirus D,None,None,None,None
Parvoviridae,Ambidensovirus,Orthopteran ambidensovirus 1,None,None,None,None
Reoviridae,Orbivirus,Orungo virus,MildIllness,None,None,None
Picornaviridae,Oscivirus,Oscivirus A,None,None,None,None
Polyomaviridae,Alphapolyomavirus,Otomops martiensseni polyomavirus 1,None,None,None,None
Polyomaviridae,Alphapolyomavirus,Otomops martiensseni polyomavirus 2,None,None,None,None
Adenoviridae,Atadenovirus,Ovine atadenovirus D,None,MildIllness,None,None
Herpesviridae,Macavirus,Ovine gammaherpesvirus 2,None,Deadly,None,None
Adenoviridae,Mastadenovirus,Ovine mastadenovirus A,None,MildIllness,None,None
Adenoviridae,Mastadenovirus,Ovine mastadenovirus B,None,MildIllness,None,None
Reoviridae,Orbivirus,Palyam virus,None,SevereIllness,None,None
Polyomaviridae,Alphapolyomavirus,Pan troglodytes polyomavirus 1,None,None,None,None
Polyomaviridae,Alphapolyomavirus,Pan troglodytes polyomavirus 2,None,None,None,None
Polyomaviridae,Alphapolyomavirus,Pan troglodytes polyomavirus 3,None,None,None,None
Polyomaviridae,Alphapolyomavirus,Pan troglodytes polyomavirus 4,None,None,None,None
Polyomaviridae,Alphapolyomavirus,Pan troglodytes polyomavirus 5,None,None,None,None
Polyomaviridae,Alphapolyomavirus,Pan troglodytes polyomavirus 6,None,None,None,None
Polyomaviridae,Alphapolyomavirus,Pan troglodytes polyomavirus 7,None,None,None,None
Herpesviridae,Simplexvirus,Panine alphaherpesvirus 3,None,None,None,None
Herpesviridae,Cytomegalovirus,Panine betaherpesvirus 2,None,None,None,None
Herpesviridae,Lymphocryptovirus,Panine gammaherpesvirus 1,None,None,None,None
Herpesviridae,Simplexvirus,Papiine alphaherpesvirus 2,None,None,None,None
Herpesviridae,Cytomegalovirus,Papiine betaherpesvirus 3,None,None,None,None
Herpesviridae,Lymphocryptovirus,Papiine gammaherpesvirus 1,None,None,None,None
Polyomaviridae,Alphapolyomavirus,Papio cynocephalus polyomavirus 1,None,None,None,None
Polyomaviridae,Betapolyomavirus,Papio cynocephalus polyomavirus 2,None,None,None,None
Paramyxoviridae,Rubulavirus,Parainfluenza virus 5,None,None,None,None
Arenaviridae,Mammarenavirus,Parana mammarenavirus,None,None,None,None
Poxviridae,Parapoxvirus,Parapoxvirus of red deer in New Zealand,None,MildIllness,None,None
Picornaviridae,Parechovirus,Parechovirus A,SevereIllness,None,None,None
Picornaviridae,Parechovirus,Parechovirus B,SickUnknownCause,None,None,None
Picornaviridae,Pasivirus,Pasivirus A,None,None,None,None
Bornaviridae,Bornavirus,Passeriform 1 bornavirus,None,None,Deadly,None
Bornaviridae,Bornavirus,Passeriform 2 bornavirus,None,None,Deadly,None
Picornaviridae,Passerivirus,Passerivirus A,None,None,None,None
Bunyaviridae,Orthobunyavirus,Patois orthobunyavirus,None,None,None,None
Arteriviridae,Arterivirus,Pebjah virus,None,None,None,None
Flaviviridae,Pegivirus,Pegivirus A,None,None,None,None
Flaviviridae,Pegivirus,Pegivirus B,None,None,None,None
Rhabdoviridae,Perhabdovirus,Perch perhabdovirus,None,None,None,None
Reoviridae,Orbivirus,Peruvian horse sickness virus,None,Deadly,None,None
Paramyxoviridae,Morbillivirus,Peste-des-petits-ruminants virus,None,Deadly,None,None
Papillomaviridae,Phipapillomavirus,Phipapillomavirus 1,None,None,None,None
Flaviviridae,Flavivirus,Phnom Penh bat virus,None,None,None,None
Herpesviridae,Varicellovirus,Phocid alphaherpesvirus 1,None,Deadly,None,None
Herpesviridae,Unassigned,Phocid gammaherpesvirus 2,None,None,None,None
Paramyxoviridae,Morbillivirus,Phocine distemper virus,None,Deadly,None,None
Arenaviridae,Mammarenavirus,Pichinde mammarenavirus,None,None,None,None
Adenoviridae,Aviadenovirus,Pigeon aviadenovirus A,None,None,None,None
Poxviridae,Avipoxvirus,Pigeonpox virus,None,None,SevereIllness,None
Rhabdoviridae,Sprivivirus,Pike fry sprivivirus,None,None,None,None
Polyomaviridae,Alphapolyomavirus,Piliocolobus rufomitratus polyomavirus 1,None,None,None,None
Parvoviridae,Bocaparvovirus,Pinniped bocaparvovirus 1,None,None,None,None
Parvoviridae,Bocaparvovirus,Pinniped bocaparvovirus 2,None,None,None,None
Parvoviridae,Dependoparvovirus,Pinniped dependoparvovirus 1,None,None,None,None
Papillomaviridae,Pipapillomavirus,Pipapillomavirus 1,None,SevereIllness,None,None
Papillomaviridae,Pipapillomavirus,Pipapillomavirus 2,None,MildIllness,None,None
Coronaviridae,Betacoronavirus,Pipistrellus bat coronavirus HKU5,None,None,None,None
Arenaviridae,Mammarenavirus,Pirital mammarenavirus,None,None,None,None
Rhabdoviridae,Vesiculovirus,Piry vesiculovirus,MildIllness,None,None,None
Hepeviridae,Piscihepevirus,Piscihepevirus A,None,None,None,None
Reoviridae,Orthoreovirus,Piscine orthoreovirus,None,None,None,None
Togaviridae,Alphavirus,Pixuna virus,None,None,None,None
Herpesviridae,Lymphocryptovirus,Pongine gammaherpesvirus 2,None,None,None,None
Polyomaviridae,Alphapolyomavirus,Pongo abelii polyomavirus 1,None,None,None,None
Polyomaviridae,Alphapolyomavirus,Pongo pygmaeus polyomavirus 1,None,None,None,None
Coronaviridae,Alphacoronavirus,Porcine epidemic diarrhea virus,None,Deadly,None,None
Adenoviridae,Mastadenovirus,Porcine mastadenovirus A,None,MildIllness,None,None
Adenoviridae,Mastadenovirus,Porcine mastadenovirus B,None,MildIllness,None,None
Adenoviridae,Mastadenovirus,Porcine mastadenovirus C,None,None,None,None
Paramyxoviridae,Respirovirus,Porcine parainfluenza virus 1,None,None,None,None
Arteriviridae,Arterivirus,Porcine reproductive and respiratory syndrome virus 1,None,SevereIllness,None,None
Arteriviridae,Arterivirus,Porcine reproductive and respiratory syndrome virus 2,None,SevereIllness,None,None
Paramyxoviridae,Rubulavirus,Porcine rubulavirus,None,Deadly,None,None
Coronaviridae,Torovirus,Porcine torovirus,None,MildIllness,None,None
Retroviridae,Gammaretrovirus,Porcine type-C oncovirus,None,None,None,None
Adenoviridae,Atadenovirus,Possum atadenovirus A,None,None,None,None
Picornaviridae,Potamipivirus,Potamipivirus A,None,None,None,None
Flaviviridae,Flavivirus,Powassan virus,SevereIllness,SevereIllness,None,None
Parvoviridae,Bocaparvovirus,Primate bocaparvovirus 1,MildIllness,None,None,None
Parvoviridae,Bocaparvovirus,Primate bocaparvovirus 2,SickUnknownCause,None,None,None
Parvoviridae,Erythroparvovirus,Primate erythroparvovirus 1,SevereIllness,None,None,None
Parvoviridae,Erythroparvovirus,Primate erythroparvovirus 2,None,MildIllness,None,None
Parvoviridae,Erythroparvovirus,Primate erythroparvovirus 3,None,None,None,None
Parvoviridae,Erythroparvovirus,Primate erythroparvovirus 4,None,None,None,None
Parvoviridae,Protoparvovirus,Primate protoparvovirus 1,SickUnknownCause,None,None,None
Retroviridae,Deltaretrovirus,Primate T-lymphotropic virus 1,SevereIllness,None,None,None
Retroviridae,Deltaretrovirus,Primate T-lymphotropic virus 2,SevereIllness,None,None,None
Retroviridae,Deltaretrovirus,Primate T-lymphotropic virus 3,None,None,None,None
Parvoviridae,Tetraparvovirus,Primate tetraparvovirus 1,SickUnknownCause,None,None,None
Polyomaviridae,Alphapolyomavirus,Procyon lotor polyomavirus 1,None,SevereIllness,None,None
Bunyaviridae,Hantavirus,Prospect Hill hantavirus,None,None,None,None
Poxviridae,Parapoxvirus,Pseudocowpox virus,MildIllness,MildIllness,None,None
Papillomaviridae,Psipapillomavirus,Psipapillomavirus 1,None,None,None,None
Herpesviridae,Iltovirus,Psittacid alphaherpesvirus 1,None,None,Deadly,None
Bornaviridae,Bornavirus,Psittaciform 1 bornavirus,None,None,Deadly,None
Bornaviridae,Bornavirus,Psittaciform 2 bornavirus,None,None,None,None
Poxviridae,Avipoxvirus,Psittacinepox virus,None,None,SevereIllness,None
Polyomaviridae,Betapolyomavirus,Pteronotus davyi polyomavirus 1,None,None,None,None
Polyomaviridae,Betapolyomavirus,Pteronotus parnellii polyomavirus 1,None,None,None,None
Polyomaviridae,Alphapolyomavirus,Pteropus vampyrus polyomavirus 1,None,None,None,None
Retroviridae,Lentivirus,Puma lentivirus,None,None,None,None
Bunyaviridae,Phlebovirus,Punta Toro phlebovirus,SevereIllness,None,None,None
Bunyaviridae,Hantavirus,Puumala hantavirus,Deadly,None,None,None
Polyomaviridae,Gammapolyomavirus,Pygoscelis adeliae polyomavirus 1,None,None,None,None
Polyomaviridae,Gammapolyomavirus,Pyrrhula pyrrhula polyomavirus 1,None,None,None,None
Bunyaviridae,Nairovirus,Qalyub nairovirus,None,None,None,None
Poxviridae,Avipoxvirus,Quailpox virus,None,None,SevereIllness,None
Orthomyxoviridae,Quaranjavirus,Quaranfil virus,SickUnknownCause,None,None,None
Poxviridae,Leporipoxvirus,Rabbit fibroma virus,None,SevereIllness,None,None
Caliciviridae,Lagovirus,Rabbit hemorrhagic disease virus,None,Deadly,None,None
Picobirnaviridae,Picobirnavirus,Rabbit picobirnavirus,None,None,None,None
Rhabdoviridae,Lyssavirus,Rabies lyssavirus,Deadly,Deadly,None,None
Poxviridae,Orthopoxvirus,Raccoonpox virus,None,None,None,None
Adenoviridae,Siadenovirus,Raptor siadenovirus A,None,None,Deadly,None
Reoviridae,Orthoreovirus,Reptilian orthoreovirus,None,None,None,Deadly
Filoviridae,Ebolavirus,Reston ebolavirus,None,Deadly,None,None
Retroviridae,Gammaretrovirus,Reticuloendotheliosis virus,None,None,SevereIllness,None
Coronaviridae,Alphacoronavirus,Rhinolophus bat coronavirus HKU2,None,None,None,None
Picornaviridae,Enterovirus,Rhinovirus A,MildIllness,None,None,None
Picornaviridae,Enterovirus,Rhinovirus B,MildIllness,None,None,None
Picornaviridae,Enterovirus,Rhinovirus C,MildIllness,None,None,None
Papillomaviridae,Rhopapillomavirus,Rhopapillomavirus 1,None,None,None,None
Papillomaviridae,Rhopapillomavirus,Rhopapillomavirus 2,None,None,None,None
Bunyaviridae,Phlebovirus,Rift Valley fever phlebovirus,Deadly,Deadly,None,None
Paramyxoviridae,Morbillivirus,Rinderpest virus,None,Deadly,None,None
Flaviviridae,Flavivirus,Rio Bravo virus,None,None,None,None
Bunyaviridae,Hantavirus,Rio Mamore hantavirus,Deadly,None,None,None
Togaviridae,Alphavirus,Rio Negro virus,None,None,None,None
Bunyaviridae,Hantavirus,Rio Segundo hantavirus,None,None,None,None
Parvoviridae,Erythroparvovirus,Rodent erythroparvovirus 1,None,None,None,None
Parvoviridae,Protoparvovirus,Rodent protoparvovirus 1,None,SevereIllness,None,None
Parvoviridae,Protoparvovirus,Rodent protoparvovirus 2,None,None,None,None
Picornaviridae,Rosavirus,Rosavirus A,None,None,None,None
Togaviridae,Alphavirus,Ross River virus,SevereIllness,SevereIllness,None,None
Reoviridae,Rotavirus,Rotavirus A,MildIllness,MildIllness,Deadly,None
Reoviridae,Rotavirus,Rotavirus B,MildIllness,MildIllness,None,None
Reoviridae,Rotavirus,Rotavirus C,MildIllness,MildIllness,None,None
Reoviridae,Rotavirus,Rotavirus D,None,None,Deadly,None
Reoviridae,Rotavirus,Rotavirus E,None,MildIllness,None,None
Reoviridae,Rotavirus,Rotavirus F,None,None,Deadly,None
Reoviridae,Rotavirus,Rotavirus G,None,None,Deadly,None
Reoviridae,Rotavirus,Rotavirus H,None,None,None,None
Hepadnaviridae,Orthohepadnavirus,Roundleaf bat hepatitis B virus,None,None,None,None
Retroviridae,Alpharetrovirus,Rous sarcoma virus,None,None,Deadly,None
Coronaviridae,Betacoronavirus,Rousettus bat coronavirus HKU9,None,None,None,None
Flaviviridae,Flavivirus,Royal Farm virus,None,None,None,None
Togaviridae,Rubivirus,Rubella virus,SevereIllness,None,None,None
Bunyaviridae,Hantavirus,Saaremaa hantavirus,SevereIllness,None,None,None
Arenaviridae,Mammarenavirus,Sabia mammarenavirus,Deadly,None,None,None
Flaviviridae,Flavivirus,Saboya virus,None,None,None,None
Herpesviridae,Unassigned,Saguinine gammaherpesvirus 1,None,None,None,None
Polyomaviridae,Betapolyomavirus,Saimiri boliviensis polyomavirus 1,None,None,None,None
Polyomaviridae,Betapolyomavirus,Saimiri sciureus polyomavirus 1,None,None,None,None
Herpesviridae,Simplexvirus,Saimiriine alphaherpesvirus 1,None,None,None,None
Herpesviridae,Cytomegalovirus,Saimiriine betaherpesvirus 4,None,None,None,None
Herpesviridae,Rhadinovirus,Saimiriine gammaherpesvirus 2,None,Deadly,None,None
Bunyaviridae,Nairovirus,Sakhalin nairovirus,None,None,None,None
Picornaviridae,Sakobuvirus,Sakobuvirus A,None,None,None,None
Flaviviridae,Flavivirus,Sal Vieja virus,None,None,None,None
Bunyaviridae,Phlebovirus,Salehabad phlebovirus,None,None,None,None
Picornaviridae,Salivirus,Salivirus A,MildIllness,None,None,None
Togaviridae,Alphavirus,Salmon pancreas disease virus,None,None,None,None
Flaviviridae,Flavivirus,San Perlita virus,None,None,None,None
Bunyaviridae,Phlebovirus,Sandfly fever Naples phlebovirus,MildIllness,None,None,None
Bunyaviridae,Hantavirus,Sangassou hantavirus,None,None,None,None
Picornaviridae,Sapelovirus,Sapelovirus A,None,MildIllness,None,None
Picornaviridae,Sapelovirus,Sapelovirus B,None,None,None,None
Caliciviridae,Sapovirus,Sapporo virus,MildIllness,None,None,None
Bunyaviridae,Orthobunyavirus,Sathuperi orthobunyavirus,None,None,None,None
Flaviviridae,Flavivirus,Saumarez Reef virus,None,None,None,None
Poxviridae,Betaentomopoxvirus,Schistocerca gregaria entomopoxvirus,None,None,None,None
Coronaviridae,Alphacoronavirus,Scotophilus bat coronavirus 512,None,None,None,None
Rhabdoviridae,Perhabdovirus,Sea trout perhabdovirus,None,None,None,None
Togaviridae,Alphavirus,Semliki Forest virus,MildIllness,None,None,None
Paramyxoviridae,Respirovirus,Sendai virus,None,MildIllness,None,None
Picornaviridae,Senecavirus,Senecavirus A,None,SevereIllness,None,None
Bunyaviridae,Hantavirus,Seoul hantavirus,Deadly,None,None,None
Flaviviridae,Flavivirus,Sepik virus,None,None,None,None
Polyomaviridae,Gammapolyomavirus,Serinus canaria polyomavirus 1,None,None,None,None
Coronaviridae,Betacoronavirus,Severe acute respiratory syndrome-related coronavirus,Deadly,MildIllness,None,None
Bunyaviridae,Phlebovirus,SFTS phlebovirus,Deadly,None,None,None
Bunyaviridae,Orthobunyavirus,Shamonda orthobunyavirus,None,None,None,None
Poxviridae,Capripoxvirus,Sheeppox virus,None,Deadly,None,None
Rhabdoviridae,Lyssavirus,Shimoni bat lyssavirus,None,None,None,None
Bunyaviridae,Orthobunyavirus,Shuni orthobunyavirus,None,SevereIllness,None,None
Picornaviridae,Sicinivirus,Sicinivirus A,None,None,None,None
Papillomaviridae,Sigmapapillomavirus,Sigmapapillomavirus 1,None,MildIllness,None,None
Bunyaviridae,Orthobunyavirus,Simbu orthobunyavirus,None,SevereIllness,None,None
Retroviridae,Spumavirus,Simian foamy virus,None,None,None,None
Arteriviridae,Arterivirus,Simian hemorrhagic encephalitis virus,None,None,None,None
Arteriviridae,Arterivirus,Simian hemorrhagic fever virus,None,Deadly,None,None
Retroviridae,Lentivirus,Simian immunodeficiency virus,None,Deadly,None,None
Adenoviridae,Mastadenovirus,Simian mastadenovirus A,None,None,None,None
Adenoviridae,Mastadenovirus,Simian mastadenovirus B,None,None,None,None
Adenoviridae,Mastadenovirus,Simian mastadenovirus C,None,None,None,None
Paramyxoviridae,Rubulavirus,Simian virus 41,None,None,None,None
Bunyaviridae,Hantavirus,Sin Nombre hantavirus,Deadly,None,None,None
Togaviridae,Alphavirus,Sindbis virus,SevereIllness,None,None,None
Adenoviridae,Siadenovirus,Skua siadenovirus A,None,None,None,None
Poxviridae,Orthopoxvirus,Skunkpox virus,None,None,None,None
Adenoviridae,Atadenovirus,Snake atadenovirus A,None,None,None,None
Rhabdoviridae,Novirhabdovirus,Snakehead novirhabdovirus,None,None,None,None
Retroviridae,Gammaretrovirus,Snyder-Theilen feline sarcoma virus,None,None,None,None
Togaviridae,Alphavirus,Southern elephant seal virus,None,None,None,None
Poxviridae,Avipoxvirus,Sparrowpox virus,None,None,SevereIllness,None
Parvoviridae,Dependoparvovirus,Squamate dependoparvovirus 1,None,None,None,None
Poxviridae,Leporipoxvirus,Squirrel fibroma virus,None,SevereIllness,None,None
Retroviridae,Betaretrovirus,Squirrel monkey retrovirus,None,None,None,None
Poxviridae,Unassigned,Squirrelpox virus,None,Deadly,None,None
Reoviridae,Orbivirus,St Croix River virus,None,None,None,None
Flaviviridae,Flavivirus,St. Louis encephalitis virus,Deadly,SevereIllness,None,None
Poxviridae,Avipoxvirus,Starlingpox virus,None,None,SevereIllness,None
Adenoviridae,Ichtadenovirus,Sturgeon ichtadenovirus A,None,None,None,None
Polyomaviridae,Alphapolyomavirus,Sturnira lilium polyomavirus 1,None,None,None,None
Filoviridae,Ebolavirus,Sudan ebolavirus,Deadly,Deadly,None,None
Herpesviridae,Varicellovirus,Suid alphaherpesvirus 1,None,Deadly,None,None
Herpesviridae,Unassigned,Suid betaherpesvirus 2,None,Deadly,None,None
Herpesviridae,Macavirus,Suid gammaherpesvirus 3,None,Deadly,None,None
Herpesviridae,Macavirus,Suid gammaherpesvirus 4,None,MildIllness,None,None
Herpesviridae,Macavirus,Suid gammaherpesvirus 5,None,MildIllness,None,None
Poxviridae,Suipoxvirus,Swinepox virus,None,SevereIllness,None,None
Bunyaviridae,Orthobunyavirus,Tacaiuma orthobunyavirus,SickUnknownCause,None,None,None
Arenaviridae,Mammarenavirus,Tacaribe mammarenavirus,None,None,None,None
Filoviridae,Ebolavirus,Tai Forest ebolavirus,SevereIllness,Deadly,None,None
Arenaviridae,Mammarenavirus,Tamiami mammarenavirus,None,None,None,None
Poxviridae,Yatapoxvirus,Tanapox virus,MildIllness,MildIllness,None,None
Poxviridae,Orthopoxvirus,Taterapox virus,None,None,None,None
Papillomaviridae,Taupapillomavirus,Taupapillomavirus 1,None,MildIllness,None,None
Papillomaviridae,Taupapillomavirus,Taupapillomavirus 2,None,MildIllness,None,None
Papillomaviridae,Taupapillomavirus,Taupapillomavirus 3,None,SevereIllness,None,None
Flaviviridae,Flavivirus,Tembusu virus,None,None,MildIllness,None
Hepadnaviridae,Orthohepadnavirus,Tent-making bat hepatitis B virus,None,None,None,None
Picornaviridae,Teschovirus,Teschovirus A,None,SevereIllness,None,None
Bunyaviridae,Orthobunyavirus,Tete orthobunyavirus,None,None,None,None
Bunyaviridae,Hantavirus,Thailand hantavirus,None,None,None,None
Papillomaviridae,Thetapapillomavirus,Thetapapillomavirus 1,None,SevereIllness,None,None
Bunyaviridae,Nairovirus,Thiafora nairovirus,None,None,None,None
Bunyaviridae,Orthobunyavirus,Thimiri orthobunyavirus,None,None,None,None
Orthomyxoviridae,Thogotovirus,Thogoto virus,SevereIllness,SevereIllness,None,None
Bunyaviridae,Hantavirus,Thottapalayam hantavirus,None,None,None,None
Coronaviridae,Deltacoronavirus,Thrush coronavirus HKU12,None,None,None,None
Rhabdoviridae,Tibrovirus,Tibrogargan tibrovirus,None,None,None,None
Flaviviridae,Flavivirus,Tick-borne encephalitis virus,Deadly,None,None,None
Bunyaviridae,Orthobunyavirus,Timboteua orthobunyavirus,None,None,None,None
Togaviridae,Alphavirus,Tonate virus,None,None,None,None
Bunyaviridae,Hantavirus,Topografov hantavirus,None,None,None,None
Anelloviridae,Thetatorquevirus,Torque teno canis virus,None,None,None,None
Anelloviridae,Zetatorquevirus,Torque teno douroucouli virus,None,None,None,None
Anelloviridae,Etatorquevirus,Torque teno felis virus,None,None,None,None
Anelloviridae,Etatorquevirus,Torque teno felis virus 2,None,None,None,None
Anelloviridae,Gammatorquevirus,Torque teno midi virus 1,None,None,None,None
Anelloviridae,Gammatorquevirus,Torque teno midi virus 10,None,None,None,None
Anelloviridae,Gammatorquevirus,Torque teno midi virus 11,None,None,None,None
Anelloviridae,Gammatorquevirus,Torque teno midi virus 12,None,None,None,None
Anelloviridae,Gammatorquevirus,Torque teno midi virus 13,None,None,None,None
Anelloviridae,Gammatorquevirus,Torque teno midi virus 14,None,None,None,None
Anelloviridae,Gammatorquevirus,Torque teno midi virus 15,None,None,None,None
Anelloviridae,Gammatorquevirus,Torque teno midi virus 2,None,None,None,None
Anelloviridae,Gammatorquevirus,Torque teno midi virus 3,None,None,None,None
Anelloviridae,Gammatorquevirus,Torque teno midi virus 4,None,None,None,None
Anelloviridae,Gammatorquevirus,Torque teno midi virus 5,None,None,None,None
Anelloviridae,Gammatorquevirus,Torque teno midi virus 6,None,None,None,None
Anelloviridae,Gammatorquevirus,Torque teno midi virus 7,None,None,None,None
Anelloviridae,Gammatorquevirus,Torque teno midi virus 8,None,None,None,None
Anelloviridae,Gammatorquevirus,Torque teno midi virus 9,None,None,None,None
Anelloviridae,Betatorquevirus,Torque teno mini virus 1,None,None,None,None
Anelloviridae,Betatorquevirus,Torque teno mini virus 10,None,None,None,None
Anelloviridae,Betatorquevirus,Torque teno mini virus 11,None,None,None,None
Anelloviridae,Betatorquevirus,Torque teno mini virus 12,None,None,None,None
Anelloviridae,Betatorquevirus,Torque teno mini virus 2,None,None,None,None
Anelloviridae,Betatorquevirus,Torque teno mini virus 3,None,None,None,None
Anelloviridae,Betatorquevirus,Torque teno mini virus 4,None,None,None,None
Anelloviridae,Betatorquevirus,Torque teno mini virus 5,None,None,None,None
Anelloviridae,Betatorquevirus,Torque teno mini virus 6,None,None,None,None
Anelloviridae,Betatorquevirus,Torque teno mini virus 7,None,None,None,None
Anelloviridae,Betatorquevirus,Torque teno mini virus 8,None,None,None,None
Anelloviridae,Betatorquevirus,Torque teno mini virus 9,None,None,None,None
Anelloviridae,Iotatorquevirus,Torque teno sus virus 1a,None,None,None,None
Anelloviridae,Iotatorquevirus,Torque teno sus virus 1b,None,None,None,None
Anelloviridae,Kappatorquevirus,Torque teno sus virus k2a,None,None,None,None
Anelloviridae,Kappatorquevirus,Torque teno sus virus k2b,None,None,None,None
Anelloviridae,Epsilontorquevirus,Torque teno tamarin virus,None,None,None,None
Anelloviridae,Deltatorquevirus,Torque teno tupaia virus,None,None,None,None
Anelloviridae,Alphatorquevirus,Torque teno virus 1,None,None,None,None
Anelloviridae,Alphatorquevirus,Torque teno virus 10,None,None,None,None
Anelloviridae,Alphatorquevirus,Torque teno virus 11,None,None,None,None
Anelloviridae,Alphatorquevirus,Torque teno virus 12,None,None,None,None
Anelloviridae,Alphatorquevirus,Torque teno virus 13,None,None,None,None
Anelloviridae,Alphatorquevirus,Torque teno virus 14,None,None,None,None
Anelloviridae,Alphatorquevirus,Torque teno virus 15,None,None,None,None
Anelloviridae,Alphatorquevirus,Torque teno virus 16,None,None,None,None
Anelloviridae,Alphatorquevirus,Torque teno virus 17,None,None,None,None
Anelloviridae,Alphatorquevirus,Torque teno virus 18,None,None,None,None
Anelloviridae,Alphatorquevirus,Torque teno virus 19,None,None,None,None
Anelloviridae,Alphatorquevirus,Torque teno virus 2,None,None,None,None
Anelloviridae,Alphatorquevirus,Torque teno virus 20,None,None,None,None
Anelloviridae,Alphatorquevirus,Torque teno virus 21,None,None,None,None
Anelloviridae,Alphatorquevirus,Torque teno virus 22,None,None,None,None
Anelloviridae,Alphatorquevirus,Torque teno virus 23,None,None,None,None
Anelloviridae,Alphatorquevirus,Torque teno virus 24,None,None,None,None
Anelloviridae,Alphatorquevirus,Torque teno virus 25,None,None,None,None
Anelloviridae,Alphatorquevirus,Torque teno virus 26,None,None,None,None
Anelloviridae,Alphatorquevirus,Torque teno virus 27,None,None,None,None
Anelloviridae,Alphatorquevirus,Torque teno virus 28,None,None,None,None
Anelloviridae,Alphatorquevirus,Torque teno virus 29,None,None,None,None
Anelloviridae,Alphatorquevirus,Torque teno virus 3,None,None,None,None
Anelloviridae,Alphatorquevirus,Torque teno virus 4,None,None,None,None
Anelloviridae,Alphatorquevirus,Torque teno virus 5,None,None,None,None
Anelloviridae,Alphatorquevirus,Torque teno virus 6,None,None,None,None
Anelloviridae,Alphatorquevirus,Torque teno virus 7,None,None,None,None
Anelloviridae,Alphatorquevirus,Torque teno virus 8,None,None,None,None
Anelloviridae,Alphatorquevirus,Torque teno virus 9,None,None,None,None
Anelloviridae,Lambdatorquevirus,Torque teno zalophus virus 1,None,None,None,None
Retroviridae,Gammaretrovirus,Trager duck spleen necrosis virus,None,None,None,None
Adenoviridae,Mastadenovirus,Tree shrew mastadenovirus A,None,None,None,None
Papillomaviridae,Treisdeltapapillomavirus,Treisdeltapapillomavirus 1,None,None,None,None
Papillomaviridae,Treisepsilonpapillomavirus,Treisepsilonpapillomavirus 1,None,None,None,None
Papillomaviridae,Treisetapapillomavirus,Treisetapapillomavirus 1,None,None,None,None
Papillomaviridae,Treiszetapapillomavirus,Treiszetapapillomavirus 1,None,None,None,None
Picornaviridae,Tremovirus,Tremovirus A,None,None,Deadly,None
Togaviridae,Alphavirus,Trocara virus,None,None,None,None
Bunyaviridae,Hantavirus,Tula hantavirus,SickUnknownCause,None,None,None
Rhabdoviridae,Tupavirus,Tupaia tupavirus,None,None,None,None
Herpesviridae,Unassigned,Tupaiid betaherpesvirus 1,None,None,None,None
Adenoviridae,Aviadenovirus,Turkey aviadenovirus B,None,None,Deadly,None
Adenoviridae,Aviadenovirus,Turkey aviadenovirus C,None,None,None,None
Adenoviridae,Aviadenovirus,Turkey aviadenovirus D,None,None,None,None
Adenoviridae,Siadenovirus,Turkey siadenovirus A,None,None,Deadly,None
Poxviridae,Avipoxvirus,Turkeypox virus,None,None,SevereIllness,None
Bunyaviridae,Orthobunyavirus,Turlock orthobunyavirus,None,None,None,None
Coronaviridae,Betacoronavirus,Tylonycteris bat coronavirus HKU4,None,None,None,None
Flaviviridae,Flavivirus,Tyuleniy virus,None,None,None,None
Flaviviridae,Flavivirus,Uganda S virus,None,None,None,None
Reoviridae,Orbivirus,Umatilla virus,None,None,None,None
Togaviridae,Alphavirus,Una virus,None,None,None,None
Parvoviridae,Bocaparvovirus,Ungulate bocaparvovirus 1,None,MildIllness,None,None
Parvoviridae,Bocaparvovirus,Ungulate bocaparvovirus 2,None,None,None,None
Parvoviridae,Bocaparvovirus,Ungulate bocaparvovirus 3,None,None,None,None
Parvoviridae,Bocaparvovirus,Ungulate bocaparvovirus 4,None,None,None,None
Parvoviridae,Bocaparvovirus,Ungulate bocaparvovirus 5,None,None,None,None
Parvoviridae,Copiparvovirus,Ungulate copiparvovirus 1,None,None,None,None
Parvoviridae,Copiparvovirus,Ungulate copiparvovirus 2,None,None,None,None
Parvoviridae,Erythroparvovirus,Ungulate erythroparvovirus 1,None,None,None,None
Parvoviridae,Protoparvovirus,Ungulate protoparvovirus 1,None,SevereIllness,None,None
Parvoviridae,Tetraparvovirus,Ungulate tetraparvovirus 1,None,None,None,None
Parvoviridae,Tetraparvovirus,Ungulate tetraparvovirus 2,None,None,None,None
Parvoviridae,Tetraparvovirus,Ungulate tetraparvovirus 3,None,None,None,None
Parvoviridae,Tetraparvovirus,Ungulate tetraparvovirus 4,None,None,None,None
Papillomaviridae,Upsilonpapillomavirus,Upsilonpapillomavirus 1,None,None,None,None
Papillomaviridae,Upsilonpapillomavirus,Upsilonpapillomavirus 2,None,None,None,None
Papillomaviridae,Upsilonpapillomavirus,Upsilonpapillomavirus 3,None,None,None,None
Retroviridae,Alpharetrovirus,UR2 sarcoma virus,None,None,SevereIllness,None
Flaviviridae,Flavivirus,Usutu virus,SevereIllness,None,Deadly,None
Bunyaviridae,Phlebovirus,Uukuniemi phlebovirus,SevereIllness,None,None,None
Poxviridae,Orthopoxvirus,Vaccinia virus,None,None,None,None
Poxviridae,Orthopoxvirus,Variola virus,Deadly,None,None,None
Togaviridae,Alphavirus,Venezuelan equine encephalitis virus,Deadly,MildIllness,None,None
Caliciviridae,Vesivirus,Vesicular exanthema of swine virus,None,Deadly,None,None
Retroviridae,Gammaretrovirus,Viper retrovirus,None,None,None,None
Retroviridae,Lentivirus,Visna/maedi virus,None,Deadly,None,None
Poxviridae,Orthopoxvirus,Volepox virus,None,None,None,None
Reoviridae,Orbivirus,Wad Medani virus,None,None,None,None
Reoviridae,Orbivirus,Wallal virus,None,None,None,None
Retroviridae,Epsilonretrovirus,Walleye dermal sarcoma virus,None,None,None,None
Retroviridae,Epsilonretrovirus,Walleye epidermal hyperplasia virus 1,None,None,None,None
Retroviridae,Epsilonretrovirus,Walleye epidermal hyperplasia virus 2,None,None,None,None
Reoviridae,Orbivirus,Warrego virus,None,None,None,None
Bornaviridae,Bornavirus,Waterbird 1 bornavirus,None,None,Deadly,None
Arenaviridae,Mammarenavirus,Wenzhou mammarenavirus,None,None,None,None
Flaviviridae,Flavivirus,Wesselsbron virus,SickUnknownCause,Deadly,None,None
Rhabdoviridae,Lyssavirus,West Caucasian bat lyssavirus,None,None,None,None
Flaviviridae,Flavivirus,West Nile virus,Deadly,Deadly,Deadly,None
Togaviridae,Alphavirus,Western equine encephalitis virus,Deadly,Deadly,None,None
Togaviridae,Alphavirus,Whataroa virus,None,None,None,None
Coronaviridae,Bafinivirus,White bream virus,None,None,None,None
Coronaviridae,Deltacoronavirus,White-eye coronavirus HKU16,None,None,None,None
Arenaviridae,Mammarenavirus,Whitewater Arroyo mammarenavirus,SickUnknownCause,None,None,None
Coronaviridae,Deltacoronavirus,Wigeon coronavirus HKU20,None,None,None,None
Arteriviridae,Unassigned,Wobbly possum disease virus,None,Deadly,None,None
Rhabdoviridae,Unassigned,Wongabel virus,None,None,None,None
Reoviridae,Orbivirus,Wongorr virus,None,None,None,None
Hepadnaviridae,Orthohepadnavirus,Woodchuck hepatitis virus,None,MIldIllness,None,None
Hepadnaviridae,Orthohepadnavirus,Woolly monkey hepatitis B virus,None,MildIllness,None,None
Retroviridae,Gammaretrovirus,Woolly monkey sarcoma virus,None,None,None,None
Bunyaviridae,Orthobunyavirus,Wyeomyia orthobunyavirus,SickUnknownCause,None,None,None
Papillomaviridae,Xipapillomavirus,Xipapillomavirus 1,None,SevereIllness,None,None
Papillomaviridae,Xipapillomavirus,Xipapillomavirus 2,None,None,None,None
Papillomaviridae,Xipapillomavirus,Xipapillomavirus 3,None,None,None,None
Retroviridae,Alpharetrovirus,Y73 sarcoma virus,None,None,None,None
Poxviridae,Yatapoxvirus,Yaba monkey tumor virus,MildIllness,MildIllness,None,None
Flaviviridae,Flavivirus,Yaounde virus,None,None,None,None
Flaviviridae,Flavivirus,Yellow fever virus,Deadly,Deadly,None,None
Flaviviridae,Flavivirus,Yokose virus,None,None,None,None
Reoviridae,Orbivirus,Yunnan orbivirus,None,None,None,None
Filoviridae,Ebolavirus,Zaire ebolavirus,Deadly,Deadly,None,None
Polyomaviridae,Betapolyomavirus,Zalophus californianus polyomavirus 1,None,None,None,None
Bunyaviridae,Orthobunyavirus,Zegla orthobunyavirus,None,None,None,None
Papillomaviridae,Zetapapillomavirus,Zetapapillomavirus 1,None,None,None,None
Flaviviridae,Flavivirus,Zika virus,SevereIllness,MildIllness,None,None